time,strategy,identifier,symbol,side,type,status,multiplier,time_in_force,asset.strike,asset.multiplier,asset.asset_type,price,filled_quantity,trade_cost
2020-02-03 09:30:00-05:00,MLTrader,2bbadc8d521f4240a166e1166e3774e3,SPY,sell,market,new,1,gtc,0.0,1,stock,,,
2020-02-03 09:30:00-05:00,MLTrader,2bbadc8d521f4240a166e1166e3774e3,SPY,sell,market,fill,1,gtc,0.0,1,stock,323.3500061035156,10,0.0
2020-02-10 09:30:00-05:00,MLTrader,bc7f82a75087465685e235b0bb022273,SPY,sell,market,new,1,gtc,0.0,1,stock,,,
2020-02-10 09:30:00-05:00,MLTrader,bc7f82a75087465685e235b0bb022273,SPY,sell,market,fill,1,gtc,0.0,1,stock,331.2300109863281,10,0.0
2020-02-13 09:30:00-05:00,MLTrader,da27801f28a74ee4b691167302a4cd1e,SPY,sell,market,new,1,gtc,0.0,1,stock,,,
2020-02-13 09:30:00-05:00,MLTrader,da27801f28a74ee4b691167302a4cd1e,SPY,sell,market,fill,1,gtc,0.0,1,stock,335.8599853515625,10,0.0
2020-03-02 09:30:00-05:00,MLTrader,5dda01e2433f4c0cb875c50485d0f418,SPY,sell,market,new,1,gtc,0.0,1,stock,,,
2020-03-02 09:30:00-05:00,MLTrader,5dda01e2433f4c0cb875c50485d0f418,SPY,sell,market,fill,1,gtc,0.0,1,stock,298.2099914550781,10,0.0
2020-03-03 09:30:00-05:00,MLTrader,e86efe95105746b9aced610b303d62da,SPY,buy,limit,canceled,1,day,0.0,1,stock,,,
2020-03-03 09:30:00-05:00,MLTrader,39eb4918707849cfb82838ac7fa13a43,SPY,buy,stop,fill,1,day,0.0,1,stock,313.12049102783203,10,0.0
2020-03-06 09:30:00-05:00,MLTrader,ff406cc3c1914795bc04176c749c1bf2,SPY,sell,market,new,1,gtc,0.0,1,stock,,,
2020-03-06 09:30:00-05:00,MLTrader,ff406cc3c1914795bc04176c749c1bf2,SPY,sell,market,fill,1,gtc,0.0,1,stock,293.1499938964844,10,0.0
2020-03-09 09:30:00-04:00,MLTrader,853dd4f1c2ba48e4b997c94cd0995a60,SPY,sell,market,new,1,gtc,0.0,1,stock,,,
2020-03-09 09:30:00-04:00,MLTrader,853dd4f1c2ba48e4b997c94cd0995a60,SPY,sell,market,fill,1,gtc,0.0,1,stock,284.6400146484375,10,0.0
2020-03-11 09:30:00-04:00,MLTrader,b2dabc432a684aaa8fdce7cc3244c9eb,SPY,buy,stop,canceled,1,day,0.0,1,stock,,,
2020-03-11 09:30:00-04:00,MLTrader,3472327e029941c2b3fff967a64a5fc7,SPY,buy,limit,fill,1,day,0.0,1,stock,256.0,10,0.0
2020-03-11 09:30:00-04:00,MLTrader,cf4b3df033174740b3fe505fcef5aad8,SPY,buy,stop,canceled,1,day,0.0,1,stock,,,
2020-03-11 09:30:00-04:00,MLTrader,54dc3df83cdf4c2ca260f33e57afd6f4,SPY,buy,limit,fill,1,day,0.0,1,stock,256.0,10,0.0
2020-03-11 09:30:00-04:00,MLTrader,e7d4881a5a764afbb7b18d1e4ec58198,SPY,buy,stop,canceled,1,day,0.0,1,stock,,,
2020-03-11 09:30:00-04:00,MLTrader,6a9e984af99544a697efa73bb89ee3a4,SPY,buy,limit,fill,1,day,0.0,1,stock,256.0,10,0.0
2020-03-17 09:30:00-04:00,MLTrader,7d796dfe0dc24971aa4d0e7716292296,SPY,buy,stop,canceled,1,day,0.0,1,stock,,,
2020-03-17 09:30:00-04:00,MLTrader,e361e8c1800941568e212eab909d6114,SPY,buy,limit,fill,1,day,0.0,1,stock,234.5199951171875,10,0.0
2020-04-13 09:30:00-04:00,MLTrader,913d10083b204dfc9aae97ac922b3f85,SPY,sell,market,new,1,gtc,0.0,1,stock,,,
2020-04-13 09:30:00-04:00,MLTrader,913d10083b204dfc9aae97ac922b3f85,SPY,sell,market,fill,1,gtc,0.0,1,stock,280.9800109863281,10,0.0
2020-04-27 09:30:00-04:00,MLTrader,bbb3594f958345dbb6de380f518d48da,SPY,buy,stop,canceled,1,day,0.0,1,stock,,,
2020-04-27 09:30:00-04:00,MLTrader,3b2ae5b0cfdc49a785c89199549c3d56,SPY,buy,limit,canceled,1,day,0.0,1,stock,,,
2020-04-27 09:30:00-04:00,MLTrader,e963eca037514729b2a32de92e56a500,SPY,buy,stop,canceled,1,day,0.0,1,stock,,,
2020-04-27 09:30:00-04:00,MLTrader,35e3d31275ed4696b28230c0488d245a,SPY,buy,limit,canceled,1,day,0.0,1,stock,,,
2020-04-27 09:30:00-04:00,MLTrader,7fd88508406a40dfb847022ef74abbab,SPY,buy,market,new,1,day,0.0,1,stock,,,
2020-04-27 09:30:00-04:00,MLTrader,241c125df53742f597c094bf5e7aee73,SPY,buy,market,new,1,gtc,0.0,1,stock,,,
2020-04-27 09:30:00-04:00,MLTrader,7fd88508406a40dfb847022ef74abbab,SPY,buy,market,fill,1,day,0.0,1,stock,291.0199890136719,20.0,0.0
2020-04-27 09:30:00-04:00,MLTrader,241c125df53742f597c094bf5e7aee73,SPY,buy,market,fill,1,gtc,0.0,1,stock,291.0199890136719,10,0.0
2020-05-11 09:30:00-04:00,MLTrader,385e3a6e65a44de79a7b1b2a86e2b0cb,SPY,sell,stop,canceled,1,day,0.0,1,stock,,,
2020-05-11 09:30:00-04:00,MLTrader,0c1f8d1956674fa7971702991a495bdf,SPY,sell,limit,canceled,1,day,0.0,1,stock,,,
2020-05-11 09:30:00-04:00,MLTrader,16796a216c70492dbe850be8381c53cd,SPY,sell,market,new,1,day,0.0,1,stock,,,
2020-05-11 09:30:00-04:00,MLTrader,23837d8ae4bd4997b8c915863d4f770f,SPY,sell,market,new,1,gtc,0.0,1,stock,,,
2020-05-11 09:30:00-04:00,MLTrader,16796a216c70492dbe850be8381c53cd,SPY,sell,market,fill,1,day,0.0,1,stock,293.7900085449219,10.0,0.0
2020-05-11 09:30:00-04:00,MLTrader,23837d8ae4bd4997b8c915863d4f770f,SPY,sell,market,fill,1,gtc,0.0,1,stock,293.7900085449219,10,0.0
2020-05-18 09:30:00-04:00,MLTrader,a96eb76720ac410daff5db72add093fe,SPY,buy,stop,canceled,1,day,0.0,1,stock,,,
2020-05-18 09:30:00-04:00,MLTrader,8341bf6f9d674daa80c375690e2b54e7,SPY,buy,limit,canceled,1,day,0.0,1,stock,,,
2020-05-18 09:30:00-04:00,MLTrader,b62fd44b0f124af58452ebac4b7ac2f1,SPY,buy,market,new,1,day,0.0,1,stock,,,
2020-05-18 09:30:00-04:00,MLTrader,2fa94c83825b4094ae39ecce7e1a84e1,SPY,buy,market,new,1,gtc,0.0,1,stock,,,
2020-05-18 09:30:00-04:00,MLTrader,b62fd44b0f124af58452ebac4b7ac2f1,SPY,buy,market,fill,1,day,0.0,1,stock,294.3500061035156,10.0,0.0
2020-05-18 09:30:00-04:00,MLTrader,2fa94c83825b4094ae39ecce7e1a84e1,SPY,buy,market,fill,1,gtc,0.0,1,stock,294.3500061035156,10,0.0
2020-06-11 09:30:00-04:00,MLTrader,280b2a24d2994e89a1f976f6156644dc,SPY,sell,stop,canceled,1,day,0.0,1,stock,,,
2020-06-11 09:30:00-04:00,MLTrader,9a94f3eea5f543e8a7217dec7b5116e7,SPY,sell,limit,canceled,1,day,0.0,1,stock,,,
2020-06-11 09:30:00-04:00,MLTrader,9d5d7f35139b48a6980d27f9bf6be3a2,SPY,sell,market,new,1,day,0.0,1,stock,,,
2020-06-11 09:30:00-04:00,MLTrader,bf6da9260674475cad70c83cd14f58b5,SPY,sell,market,new,1,gtc,0.0,1,stock,,,
2020-06-11 09:30:00-04:00,MLTrader,9d5d7f35139b48a6980d27f9bf6be3a2,SPY,sell,market,fill,1,day,0.0,1,stock,308.239990234375,10.0,0.0
2020-06-11 09:30:00-04:00,MLTrader,bf6da9260674475cad70c83cd14f58b5,SPY,sell,market,fill,1,gtc,0.0,1,stock,308.239990234375,10,0.0
2020-06-15 09:30:00-04:00,MLTrader,6fdf05ac767b47b68624090d66b1ce56,SPY,sell,market,new,1,gtc,0.0,1,stock,,,
2020-06-15 09:30:00-04:00,MLTrader,6fdf05ac767b47b68624090d66b1ce56,SPY,sell,market,fill,1,gtc,0.0,1,stock,315.4800109863281,10,0.0
2020-06-17 09:30:00-04:00,MLTrader,165c237bee4f46a385b379beb75db1ff,SPY,sell,market,new,1,gtc,0.0,1,stock,,,
2020-06-17 09:30:00-04:00,MLTrader,165c237bee4f46a385b379beb75db1ff,SPY,sell,market,fill,1,gtc,0.0,1,stock,310.010009765625,10,0.0
2020-06-22 09:30:00-04:00,MLTrader,6a3fcbcd683742cf8cd9c2795416eac9,SPY,sell,market,new,1,gtc,0.0,1,stock,,,
2020-06-22 09:30:00-04:00,MLTrader,6a3fcbcd683742cf8cd9c2795416eac9,SPY,sell,market,fill,1,gtc,0.0,1,stock,313.489990234375,10,0.0
2020-06-25 09:30:00-04:00,MLTrader,3a58ea7f3dea447ea22362bb95d54248,SPY,buy,stop,canceled,1,day,0.0,1,stock,,,
2020-06-25 09:30:00-04:00,MLTrader,372697e76b8e4ede904de4e33752b691,SPY,buy,limit,canceled,1,day,0.0,1,stock,,,
2020-06-25 09:30:00-04:00,MLTrader,d08e9a9d3d664f20818f5730699cf8ab,SPY,buy,stop,canceled,1,day,0.0,1,stock,,,
2020-06-25 09:30:00-04:00,MLTrader,9a7bebe55cd449479a2029947b353479,SPY,buy,limit,canceled,1,day,0.0,1,stock,,,
2020-06-25 09:30:00-04:00,MLTrader,abc8153281264f59b4439c035e0b94b1,SPY,buy,stop,canceled,1,day,0.0,1,stock,,,
2020-06-25 09:30:00-04:00,MLTrader,267cf99cb400481eaa2445c1cf6fe83e,SPY,buy,limit,canceled,1,day,0.0,1,stock,,,
2020-06-25 09:30:00-04:00,MLTrader,823913c722b04700967ff8afa86f7641,SPY,buy,stop,canceled,1,day,0.0,1,stock,,,
2020-06-25 09:30:00-04:00,MLTrader,69281768e5ea4c718bf431e075b6c520,SPY,buy,limit,canceled,1,day,0.0,1,stock,,,
2020-06-25 09:30:00-04:00,MLTrader,311aa5adca0f4d8882162cde348c4a37,SPY,buy,market,new,1,day,0.0,1,stock,,,
2020-06-25 09:30:00-04:00,MLTrader,251b71bb18904c7baf419d80481d92ec,SPY,buy,market,new,1,gtc,0.0,1,stock,,,
2020-06-25 09:30:00-04:00,MLTrader,311aa5adca0f4d8882162cde348c4a37,SPY,buy,market,fill,1,day,0.0,1,stock,306.1600036621094,40.0,0.0
2020-06-25 09:30:00-04:00,MLTrader,251b71bb18904c7baf419d80481d92ec,SPY,buy,market,fill,1,gtc,0.0,1,stock,306.1600036621094,10,0.0
2020-06-30 09:30:00-04:00,MLTrader,b4332dca3aca42a29178763fc23f4536,SPY,sell,stop,canceled,1,day,0.0,1,stock,,,
2020-06-30 09:30:00-04:00,MLTrader,0a669c50d2a34f8da6486aed762f06d6,SPY,sell,limit,canceled,1,day,0.0,1,stock,,,
2020-06-30 09:30:00-04:00,MLTrader,61b71e21ac694ac1963ca48df0fa364b,SPY,sell,market,new,1,day,0.0,1,stock,,,
2020-06-30 09:30:00-04:00,MLTrader,23268e85b1094e63a141d451c4f3b70c,SPY,sell,market,new,1,gtc,0.0,1,stock,,,
2020-06-30 09:30:00-04:00,MLTrader,61b71e21ac694ac1963ca48df0fa364b,SPY,sell,market,fill,1,day,0.0,1,stock,309.57000732421875,10.0,0.0
2020-06-30 09:30:00-04:00,MLTrader,23268e85b1094e63a141d451c4f3b70c,SPY,sell,market,fill,1,gtc,0.0,1,stock,309.57000732421875,10,0.0
2020-07-01 09:30:00-04:00,MLTrader,99ed79ee683c4be499756fa9357f9f7a,SPY,buy,stop,canceled,1,day,0.0,1,stock,,,
2020-07-01 09:30:00-04:00,MLTrader,283d619cb62540b99c613c43de15ef79,SPY,buy,limit,canceled,1,day,0.0,1,stock,,,
2020-07-01 09:30:00-04:00,MLTrader,5fd3359be14d46a49fec543bb9043971,SPY,buy,market,new,1,day,0.0,1,stock,,,
2020-07-01 09:30:00-04:00,MLTrader,296058e1569a4fc38c261fab8962a730,SPY,buy,market,new,1,gtc,0.0,1,stock,,,
2020-07-01 09:30:00-04:00,MLTrader,5fd3359be14d46a49fec543bb9043971,SPY,buy,market,fill,1,day,0.0,1,stock,314.239990234375,10.0,0.0
2020-07-01 09:30:00-04:00,MLTrader,296058e1569a4fc38c261fab8962a730,SPY,buy,market,fill,1,gtc,0.0,1,stock,314.239990234375,10,0.0
2020-07-06 09:30:00-04:00,MLTrader,d10db4cca16049b987202d097638afcf,SPY,sell,stop,canceled,1,day,0.0,1,stock,,,
2020-07-06 09:30:00-04:00,MLTrader,6e674dba73eb45a0a648ae9098e7d09a,SPY,sell,limit,canceled,1,day,0.0,1,stock,,,
2020-07-06 09:30:00-04:00,MLTrader,17277a585cbb4ddaa72b45888b1d390d,SPY,sell,market,new,1,day,0.0,1,stock,,,
2020-07-06 09:30:00-04:00,MLTrader,e0bebf8718dd455fae3ebfaa754d24db,SPY,sell,market,new,1,gtc,0.0,1,stock,,,
2020-07-06 09:30:00-04:00,MLTrader,17277a585cbb4ddaa72b45888b1d390d,SPY,sell,market,fill,1,day,0.0,1,stock,315.3800048828125,10.0,0.0
2020-07-06 09:30:00-04:00,MLTrader,e0bebf8718dd455fae3ebfaa754d24db,SPY,sell,market,fill,1,gtc,0.0,1,stock,315.3800048828125,10,0.0
2020-07-16 09:30:00-04:00,MLTrader,308806cafa614bd8a689454051a66572,SPY,buy,stop,canceled,1,day,0.0,1,stock,,,
2020-07-16 09:30:00-04:00,MLTrader,f237151600584151b76d06b7c5a1e217,SPY,buy,limit,canceled,1,day,0.0,1,stock,,,
2020-07-16 09:30:00-04:00,MLTrader,7271077da649422f93b25eecfc6e3fdd,SPY,buy,market,new,1,day,0.0,1,stock,,,
2020-07-16 09:30:00-04:00,MLTrader,f17daca5bc8e45809f9b9356fc76ac7d,SPY,buy,market,new,1,gtc,0.0,1,stock,,,
2020-07-16 09:30:00-04:00,MLTrader,7271077da649422f93b25eecfc6e3fdd,SPY,buy,market,fill,1,day,0.0,1,stock,321.8800048828125,10.0,0.0
2020-07-16 09:30:00-04:00,MLTrader,f17daca5bc8e45809f9b9356fc76ac7d,SPY,buy,market,fill,1,gtc,0.0,1,stock,321.8800048828125,10,0.0
2020-07-30 09:30:00-04:00,MLTrader,d54bac40a7e64ab9bfeac986eca5da44,SPY,buy,market,new,1,gtc,0.0,1,stock,,,
2020-07-30 09:30:00-04:00,MLTrader,d54bac40a7e64ab9bfeac986eca5da44,SPY,buy,market,fill,1,gtc,0.0,1,stock,325.8999938964844,10,0.0
2020-08-05 09:30:00-04:00,MLTrader,dada0189c86f4969ab4946441da03ff0,SPY,buy,market,new,1,gtc,0.0,1,stock,,,
2020-08-05 09:30:00-04:00,MLTrader,dada0189c86f4969ab4946441da03ff0,SPY,buy,market,fill,1,gtc,0.0,1,stock,331.4800109863281,10,0.0
2020-08-28 09:30:00-04:00,MLTrader,0eba183ccfbf416593f1bf2596bd7ba1,SPY,sell,stop,canceled,1,day,0.0,1,stock,,,
2020-08-28 09:30:00-04:00,MLTrader,fd7efb3b001446439ab48ead2cdd0219,SPY,sell,limit,canceled,1,day,0.0,1,stock,,,
2020-08-28 09:30:00-04:00,MLTrader,3484eeeda2194f38b6bf54ebf7f209ff,SPY,sell,stop,canceled,1,day,0.0,1,stock,,,
2020-08-28 09:30:00-04:00,MLTrader,3b208ac50a3d41aba709692dc4150847,SPY,sell,limit,canceled,1,day,0.0,1,stock,,,
2020-08-28 09:30:00-04:00,MLTrader,645c55f57343446eaf6bf016fe2d0e67,SPY,sell,stop,canceled,1,day,0.0,1,stock,,,
2020-08-28 09:30:00-04:00,MLTrader,7a1e9c72083a4a1e971d7812683ef75f,SPY,sell,limit,canceled,1,day,0.0,1,stock,,,
2020-08-28 09:30:00-04:00,MLTrader,30246423ed8445b1be080cea39f8e22d,SPY,sell,market,new,1,day,0.0,1,stock,,,
2020-08-28 09:30:00-04:00,MLTrader,a579cf3e57cf49128e39080a73addbc6,SPY,sell,market,new,1,gtc,0.0,1,stock,,,
2020-08-28 09:30:00-04:00,MLTrader,30246423ed8445b1be080cea39f8e22d,SPY,sell,market,fill,1,day,0.0,1,stock,349.44000244140625,30.0,0.0
2020-08-28 09:30:00-04:00,MLTrader,a579cf3e57cf49128e39080a73addbc6,SPY,sell,market,fill,1,gtc,0.0,1,stock,349.44000244140625,10,0.0
2020-09-01 09:30:00-04:00,MLTrader,38db119d93844df880734f611051b264,SPY,sell,market,new,1,gtc,0.0,1,stock,,,
2020-09-01 09:30:00-04:00,MLTrader,38db119d93844df880734f611051b264,SPY,sell,market,fill,1,gtc,0.0,1,stock,354.6700134277344,10,0.0
2020-09-11 09:30:00-04:00,MLTrader,2bdd94e4a4f3410dafe861e8e082b395,SPY,sell,market,new,1,gtc,0.0,1,stock,,,
2020-09-11 09:30:00-04:00,MLTrader,2bdd94e4a4f3410dafe861e8e082b395,SPY,sell,market,fill,1,gtc,0.0,1,stock,335.82000732421875,10,0.0
2020-09-14 09:30:00-04:00,MLTrader,2c0e72ebb6974a72b38cc2083fb78978,SPY,sell,market,new,1,gtc,0.0,1,stock,,,
2020-09-14 09:30:00-04:00,MLTrader,2c0e72ebb6974a72b38cc2083fb78978,SPY,sell,market,fill,1,gtc,0.0,1,stock,341.1199951171875,10,0.0
2020-09-15 09:30:00-04:00,MLTrader,2162a7dcf4c2441b945ee3be9fc650b0,SPY,sell,market,new,1,gtc,0.0,1,stock,,,
2020-09-15 09:30:00-04:00,MLTrader,2162a7dcf4c2441b945ee3be9fc650b0,SPY,sell,market,fill,1,gtc,0.0,1,stock,341.510009765625,10,0.0
2020-10-26 09:30:00-04:00,MLTrader,9cfaabb4222942afbefc72605d670935,SPY,buy,stop,canceled,1,day,0.0,1,stock,,,
2020-10-26 09:30:00-04:00,MLTrader,6d3fe967a8df409a926e7e33f360b55e,SPY,buy,limit,canceled,1,day,0.0,1,stock,,,
2020-10-26 09:30:00-04:00,MLTrader,b2b70f76fb0a4ab98f447dcecb1ed18e,SPY,buy,stop,canceled,1,day,0.0,1,stock,,,
2020-10-26 09:30:00-04:00,MLTrader,0f71ebd399224a65aa84c08ee031d6ac,SPY,buy,limit,canceled,1,day,0.0,1,stock,,,
2020-10-26 09:30:00-04:00,MLTrader,c3816f42146e4c48bf30c5fa0bce79a5,SPY,buy,stop,canceled,1,day,0.0,1,stock,,,
2020-10-26 09:30:00-04:00,MLTrader,3b020b72d798430a934af1d30fac4316,SPY,buy,limit,canceled,1,day,0.0,1,stock,,,
2020-10-26 09:30:00-04:00,MLTrader,598b782eb94745f19e80e372ae0c4ce1,SPY,buy,stop,canceled,1,day,0.0,1,stock,,,
2020-10-26 09:30:00-04:00,MLTrader,607f2fb02f424987b7d7eb0078352b5c,SPY,buy,limit,canceled,1,day,0.0,1,stock,,,
2020-10-26 09:30:00-04:00,MLTrader,be96c7eb93df459183df5f062826612c,SPY,buy,stop,canceled,1,day,0.0,1,stock,,,
2020-10-26 09:30:00-04:00,MLTrader,c58fd4f4c2464d3b8e5173d57b285ead,SPY,buy,limit,canceled,1,day,0.0,1,stock,,,
2020-10-26 09:30:00-04:00,MLTrader,560a9cb82e8d42bb9889ccf21bd1429f,SPY,buy,market,new,1,day,0.0,1,stock,,,
2020-10-26 09:30:00-04:00,MLTrader,7ea1d5cc9279482f9b832675d79552c5,SPY,buy,market,new,1,gtc,0.0,1,stock,,,
2020-10-26 09:30:00-04:00,MLTrader,560a9cb82e8d42bb9889ccf21bd1429f,SPY,buy,market,fill,1,day,0.0,1,stock,339.760009765625,50.0,0.0
2020-10-26 09:30:00-04:00,MLTrader,7ea1d5cc9279482f9b832675d79552c5,SPY,buy,market,fill,1,gtc,0.0,1,stock,339.760009765625,10,0.0
2020-10-29 09:30:00-04:00,MLTrader,e5bf84db314544229a5fac42b166c463,SPY,sell,limit,canceled,1,day,0.0,1,stock,,,
2020-10-29 09:30:00-04:00,MLTrader,976be736a94c4efb87dd89007b3a120f,SPY,sell,stop,fill,1,day,0.0,1,stock,322.7720092773437,10,0.0
2020-12-03 09:30:00-05:00,MLTrader,b03ba324ad8d414e992058e3cfa42304,SPY,buy,market,new,1,gtc,0.0,1,stock,,,
2020-12-03 09:30:00-05:00,MLTrader,b03ba324ad8d414e992058e3cfa42304,SPY,buy,market,fill,1,gtc,0.0,1,stock,366.67999267578125,10,0.0
2020-12-31 09:30:00-05:00,MLTrader,d6a135d652c444c983dd4e7a37e0d32a,SPY,sell,stop,canceled,1,day,0.0,1,stock,,,
2020-12-31 09:30:00-05:00,MLTrader,879fa1f25ef74d6b9aec06e4c176528a,SPY,sell,limit,canceled,1,day,0.0,1,stock,,,
2020-12-31 09:30:00-05:00,MLTrader,98a1991d82494c5c9f358a96bcb19cc6,SPY,sell,market,new,1,day,0.0,1,stock,,,
2020-12-31 09:30:00-05:00,MLTrader,443eebb1e89a4e8bb9cced48186bfae0,SPY,sell,market,new,1,gtc,0.0,1,stock,,,
2020-12-31 09:30:00-05:00,MLTrader,98a1991d82494c5c9f358a96bcb19cc6,SPY,sell,market,fill,1,day,0.0,1,stock,371.7799987792969,10.0,0.0
2020-12-31 09:30:00-05:00,MLTrader,443eebb1e89a4e8bb9cced48186bfae0,SPY,sell,market,fill,1,gtc,0.0,1,stock,371.7799987792969,10,0.0
2021-01-14 09:30:00-05:00,MLTrader,790f198222ee4422b38f671cc83360c9,SPY,sell,market,new,1,gtc,0.0,1,stock,,,
2021-01-14 09:30:00-05:00,MLTrader,790f198222ee4422b38f671cc83360c9,SPY,sell,market,fill,1,gtc,0.0,1,stock,380.5899963378906,10,0.0
2021-01-28 09:30:00-05:00,MLTrader,be0909a0616f46b4af134fe00946838a,SPY,sell,market,new,1,gtc,0.0,1,stock,,,
2021-01-28 09:30:00-05:00,MLTrader,be0909a0616f46b4af134fe00946838a,SPY,sell,market,fill,1,gtc,0.0,1,stock,376.3599853515625,10,0.0
2021-02-08 08:30:00-05:00,MLTrader,ffc0bde47a6a4fdab7a5a7e982062657,SPY,buy,limit,canceled,1,day,0.0,1,stock,,,
2021-02-08 08:30:00-05:00,MLTrader,8f9b87d3a97c4c33957c3a5a91000991,SPY,buy,stop,fill,1,day,0.0,1,stock,390.3689987182617,10,0.0
2021-02-18 09:30:00-05:00,MLTrader,3f8e2a05826546ecb099d9e427e35af4,SPY,buy,stop,canceled,1,day,0.0,1,stock,,,
2021-02-18 09:30:00-05:00,MLTrader,310a448ec74442acadc2e020d9bae7be,SPY,buy,limit,canceled,1,day,0.0,1,stock,,,
2021-02-18 09:30:00-05:00,MLTrader,fecc52f2067d4a68adf2c4ef655b7eb0,SPY,buy,stop,canceled,1,day,0.0,1,stock,,,
2021-02-18 09:30:00-05:00,MLTrader,4270b7c90a2145f99defb3687929cba0,SPY,buy,limit,canceled,1,day,0.0,1,stock,,,
2021-02-18 09:30:00-05:00,MLTrader,003d58b8acc14498b5edec99729168ef,SPY,buy,market,new,1,day,0.0,1,stock,,,
2021-02-18 09:30:00-05:00,MLTrader,9fdb4e1b5df943fcaa84293608f37b5c,SPY,buy,market,new,1,gtc,0.0,1,stock,,,
2021-02-18 09:30:00-05:00,MLTrader,003d58b8acc14498b5edec99729168ef,SPY,buy,market,fill,1,day,0.0,1,stock,389.5899963378906,20.0,0.0
2021-02-18 09:30:00-05:00,MLTrader,9fdb4e1b5df943fcaa84293608f37b5c,SPY,buy,market,fill,1,gtc,0.0,1,stock,389.5899963378906,10,0.0
2021-04-05 09:30:00-04:00,MLTrader,0e4298aa128d475b8c991b23698d86ae,SPY,sell,stop,canceled,1,day,0.0,1,stock,,,
2021-04-05 09:30:00-04:00,MLTrader,6dc41869c72d4a60a7892757aa3e83c4,SPY,sell,limit,canceled,1,day,0.0,1,stock,,,
2021-04-05 09:30:00-04:00,MLTrader,0477e9fc856540a38b8442a71daefa00,SPY,sell,market,new,1,day,0.0,1,stock,,,
2021-04-05 09:30:00-04:00,MLTrader,1f11c22c67404a7f838836806e4d38d2,SPY,sell,market,new,1,gtc,0.0,1,stock,,,
2021-04-05 09:30:00-04:00,MLTrader,0477e9fc856540a38b8442a71daefa00,SPY,sell,market,fill,1,day,0.0,1,stock,405.760009765625,10.0,0.0
2021-04-05 09:30:00-04:00,MLTrader,1f11c22c67404a7f838836806e4d38d2,SPY,sell,market,fill,1,gtc,0.0,1,stock,405.760009765625,10,0.0
2021-04-29 09:30:00-04:00,MLTrader,73776a24d2d4432dadc3a11117912487,SPY,buy,stop,canceled,1,day,0.0,1,stock,,,
2021-04-29 09:30:00-04:00,MLTrader,894fb12d22ca498e81e1f95992cc6f4c,SPY,buy,limit,canceled,1,day,0.0,1,stock,,,
2021-04-29 09:30:00-04:00,MLTrader,e049c116ce29430c84647dff61067327,SPY,buy,market,new,1,day,0.0,1,stock,,,
2021-04-29 09:30:00-04:00,MLTrader,31bcf6ae24ee428ebef913af3e986879,SPY,buy,market,new,1,gtc,0.0,1,stock,,,
2021-04-29 09:30:00-04:00,MLTrader,e049c116ce29430c84647dff61067327,SPY,buy,market,fill,1,day,0.0,1,stock,417.6300048828125,10.0,0.0
2021-04-29 09:30:00-04:00,MLTrader,31bcf6ae24ee428ebef913af3e986879,SPY,buy,market,fill,1,gtc,0.0,1,stock,417.6300048828125,10,0.0
2021-05-19 09:30:00-04:00,MLTrader,a5dc8285da7244ea9454acaca643fa57,SPY,sell,stop,canceled,1,day,0.0,1,stock,,,
2021-05-19 09:30:00-04:00,MLTrader,d3299cc0a44940b5ba691cacba474a60,SPY,sell,limit,canceled,1,day,0.0,1,stock,,,
2021-05-19 09:30:00-04:00,MLTrader,784d73ad6c8244299aa3d5a1d4267e64,SPY,sell,market,new,1,day,0.0,1,stock,,,
2021-05-19 09:30:00-04:00,MLTrader,fbd8fb6a0590449f96adc749b3720e31,SPY,sell,market,new,1,gtc,0.0,1,stock,,,
2021-05-19 09:30:00-04:00,MLTrader,784d73ad6c8244299aa3d5a1d4267e64,SPY,sell,market,fill,1,day,0.0,1,stock,411.79998779296875,10.0,0.0
2021-05-19 09:30:00-04:00,MLTrader,fbd8fb6a0590449f96adc749b3720e31,SPY,sell,market,fill,1,gtc,0.0,1,stock,411.79998779296875,10,0.0
2021-05-27 09:30:00-04:00,MLTrader,0ad3136307844a208e90f86ca3e3a262,SPY,sell,market,new,1,gtc,0.0,1,stock,,,
2021-05-27 09:30:00-04:00,MLTrader,0ad3136307844a208e90f86ca3e3a262,SPY,sell,market,fill,1,gtc,0.0,1,stock,420.9700012207031,10,0.0
2021-06-01 09:30:00-04:00,MLTrader,c7a61aa20e0b4f86a4c2a1f34ddb734a,SPY,sell,market,new,1,gtc,0.0,1,stock,,,
2021-06-01 09:30:00-04:00,MLTrader,c7a61aa20e0b4f86a4c2a1f34ddb734a,SPY,sell,market,fill,1,gtc,0.0,1,stock,420.3699951171875,10,0.0
2021-06-09 09:30:00-04:00,MLTrader,4297b5d695334328bed797098cbedddc,SPY,sell,market,new,1,gtc,0.0,1,stock,,,
2021-06-09 09:30:00-04:00,MLTrader,4297b5d695334328bed797098cbedddc,SPY,sell,market,fill,1,gtc,0.0,1,stock,422.9599914550781,10,0.0
2021-07-01 09:30:00-04:00,MLTrader,a446923dbc794dc6a40a50dedb55b712,SPY,buy,limit,canceled,1,day,0.0,1,stock,,,
2021-07-01 09:30:00-04:00,MLTrader,618cb209b70347f1950eed9567bfb34f,SPY,buy,stop,fill,1,day,0.0,1,stock,432.38998718261723,10,0.0
2021-07-16 09:30:00-04:00,MLTrader,dff5c26360144690b83042647037889d,SPY,sell,market,new,1,gtc,0.0,1,stock,,,
2021-07-16 09:30:00-04:00,MLTrader,dff5c26360144690b83042647037889d,SPY,sell,market,fill,1,gtc,0.0,1,stock,436.010009765625,10,0.0
2021-07-28 09:30:00-04:00,MLTrader,4a21d92d1fb34aa9a569c5e4593d0f18,SPY,buy,limit,canceled,1,day,0.0,1,stock,,,
2021-07-28 09:30:00-04:00,MLTrader,4aa943cce0e44324a745a918c43644fa,SPY,buy,stop,fill,1,day,0.0,1,stock,441.3884948730469,10,0.0
2021-08-05 09:30:00-04:00,MLTrader,19f305eae622458cb5136235bf8527b7,SPY,buy,limit,canceled,1,day,0.0,1,stock,,,
2021-08-05 09:30:00-04:00,MLTrader,2abdcbfdb8df439898748a5524cc300f,SPY,buy,stop,fill,1,day,0.0,1,stock,442.1000061035156,10,0.0
2021-08-11 09:30:00-04:00,MLTrader,d1b3325e5ddd4e0282ffe0d694253375,SPY,buy,limit,canceled,1,day,0.0,1,stock,,,
2021-08-11 09:30:00-04:00,MLTrader,1b2638eb3a5244a7b83103ecea82aa0a,SPY,buy,stop,fill,1,day,0.0,1,stock,444.10799102783204,10,0.0
2021-10-08 09:30:00-04:00,MLTrader,0a5e9c70f7504c559691f6748bfcaac0,SPY,buy,stop,canceled,1,day,0.0,1,stock,,,
2021-10-08 09:30:00-04:00,MLTrader,b73c6894b24547019c996aef6594e667,SPY,buy,limit,canceled,1,day,0.0,1,stock,,,
2021-10-08 09:30:00-04:00,MLTrader,a56880b500c64c4396c49dda0a2a5973,SPY,buy,market,new,1,day,0.0,1,stock,,,
2021-10-08 09:30:00-04:00,MLTrader,67031060ad4641faa2223b5a1747901d,SPY,buy,market,new,1,gtc,0.0,1,stock,,,
2021-10-08 09:30:00-04:00,MLTrader,a56880b500c64c4396c49dda0a2a5973,SPY,buy,market,fill,1,day,0.0,1,stock,439.4800109863281,10.0,0.0
2021-10-08 09:30:00-04:00,MLTrader,67031060ad4641faa2223b5a1747901d,SPY,buy,market,fill,1,gtc,0.0,1,stock,439.4800109863281,10,0.0
2021-12-09 09:30:00-05:00,MLTrader,4894a1d3517a4a1c894728dd3e12ddc2,SPY,buy,market,new,1,gtc,0.0,1,stock,,,
2021-12-09 09:30:00-05:00,MLTrader,4894a1d3517a4a1c894728dd3e12ddc2,SPY,buy,market,fill,1,gtc,0.0,1,stock,468.1499938964844,10,0.0
2022-01-03 09:30:00-05:00,MLTrader,a0b5b6eeba9647bc9d00939fc40be36c,SPY,sell,stop,canceled,1,day,0.0,1,stock,,,
2022-01-03 09:30:00-05:00,MLTrader,b3f825158f924b22a80aad78bbc007a9,SPY,sell,limit,canceled,1,day,0.0,1,stock,,,
2022-01-03 09:30:00-05:00,MLTrader,0c57f68100a541aebabf731509dcf925,SPY,sell,stop,canceled,1,day,0.0,1,stock,,,
2022-01-03 09:30:00-05:00,MLTrader,7eb0ad925c4b4824a8e5aaf3ee267bfe,SPY,sell,limit,canceled,1,day,0.0,1,stock,,,
2022-01-03 09:30:00-05:00,MLTrader,c3c0f820923f43c2a67721cb53269dbb,SPY,sell,market,new,1,day,0.0,1,stock,,,
2022-01-03 09:30:00-05:00,MLTrader,69a242d7e1c24d1f94ffb03224c3bae7,SPY,sell,market,new,1,gtc,0.0,1,stock,,,
2022-01-03 09:30:00-05:00,MLTrader,c3c0f820923f43c2a67721cb53269dbb,SPY,sell,market,fill,1,day,0.0,1,stock,476.29998779296875,20.0,0.0
2022-01-03 09:30:00-05:00,MLTrader,69a242d7e1c24d1f94ffb03224c3bae7,SPY,sell,market,fill,1,gtc,0.0,1,stock,476.29998779296875,10,0.0
2022-01-14 09:30:00-05:00,MLTrader,1fbebbfa7e5a432fa6fcc5f83ae98b26,SPY,sell,market,new,1,gtc,0.0,1,stock,,,
2022-01-14 09:30:00-05:00,MLTrader,1fbebbfa7e5a432fa6fcc5f83ae98b26,SPY,sell,market,fill,1,gtc,0.0,1,stock,461.19000244140625,10,0.0
2022-01-21 09:30:00-05:00,MLTrader,fcf60cca55df4709ac9522b336a7161a,SPY,sell,market,new,1,gtc,0.0,1,stock,,,
2022-01-21 09:30:00-05:00,MLTrader,fcf60cca55df4709ac9522b336a7161a,SPY,sell,market,fill,1,gtc,0.0,1,stock,445.55999755859375,10,0.0
2022-02-18 09:30:00-05:00,MLTrader,5f403a403a4d4aac96268980c7efe0c2,SPY,sell,market,new,1,gtc,0.0,1,stock,,,
2022-02-18 09:30:00-05:00,MLTrader,5f403a403a4d4aac96268980c7efe0c2,SPY,sell,market,fill,1,gtc,0.0,1,stock,437.3299865722656,10,0.0
2022-03-04 09:30:00-05:00,MLTrader,5a802b2fbbb448a8817973617f0e1f99,SPY,sell,market,new,1,gtc,0.0,1,stock,,,
2022-03-04 09:30:00-05:00,MLTrader,5a802b2fbbb448a8817973617f0e1f99,SPY,sell,market,fill,1,gtc,0.0,1,stock,431.75,10,0.0
2022-03-14 09:30:00-04:00,MLTrader,69a1c18cef38479a97e9597f48ea9b5b,SPY,sell,market,new,1,gtc,0.0,1,stock,,,
2022-03-14 09:30:00-04:00,MLTrader,69a1c18cef38479a97e9597f48ea9b5b,SPY,sell,market,fill,1,gtc,0.0,1,stock,419.7699890136719,10,0.0
2022-03-16 09:30:00-04:00,MLTrader,6186d536a86e49c9a6a318a9af790163,SPY,buy,limit,canceled,1,day,0.0,1,stock,,,
2022-03-16 09:30:00-04:00,MLTrader,23ba8353c57e4952a1b6f1d51ad0f333,SPY,buy,stop,fill,1,day,0.0,1,stock,440.7584884643555,10,0.0
2022-03-18 09:30:00-04:00,MLTrader,2bea2ca7310f48ed8335f6680cb34841,SPY,sell,market,new,1,gtc,0.0,1,stock,,,
2022-03-18 09:30:00-04:00,MLTrader,2bea2ca7310f48ed8335f6680cb34841,SPY,sell,market,fill,1,gtc,0.0,1,stock,438.0,10,0.0
2022-03-24 09:30:00-04:00,MLTrader,d24ea52ea19e49b3a3991b1fed8af0f1,SPY,sell,market,new,1,gtc,0.0,1,stock,,,
2022-03-24 09:30:00-04:00,MLTrader,d24ea52ea19e49b3a3991b1fed8af0f1,SPY,sell,market,fill,1,gtc,0.0,1,stock,451.1600036621094,10,0.0
2022-03-28 08:30:00-04:00,MLTrader,5199f506d2874d4f968c184d28c56ac9,SPY,buy,limit,canceled,1,day,0.0,1,stock,,,
2022-03-28 08:30:00-04:00,MLTrader,0a8bad89e0764b9597e1b7385eea965f,SPY,buy,stop,fill,1,day,0.0,1,stock,460.0199890136719,10,0.0
2022-03-28 08:30:00-04:00,MLTrader,7c60213a1c324407aabdd57c34b617c5,SPY,buy,limit,canceled,1,day,0.0,1,stock,,,
2022-03-28 08:30:00-04:00,MLTrader,d8a38890c79b4f1782a78efd4bf3cc5c,SPY,buy,stop,fill,1,day,0.0,1,stock,460.0199890136719,10,0.0
2022-03-28 08:30:00-04:00,MLTrader,4ff5d04722a14b7a8c561d5182db4652,SPY,buy,limit,canceled,1,day,0.0,1,stock,,,
2022-03-28 08:30:00-04:00,MLTrader,cff33806d32b4ee5b62708f39fecefdc,SPY,buy,stop,fill,1,day,0.0,1,stock,460.0199890136719,10,0.0
2022-04-19 09:30:00-04:00,MLTrader,d1950eecc6e8415aa1b536bcb760e947,SPY,sell,market,new,1,gtc,0.0,1,stock,,,
2022-04-19 09:30:00-04:00,MLTrader,d1950eecc6e8415aa1b536bcb760e947,SPY,sell,market,fill,1,gtc,0.0,1,stock,446.9200134277344,10,0.0
2022-04-21 09:30:00-04:00,MLTrader,ad7e86f488864419906962d7ad641923,SPY,sell,market,new,1,gtc,0.0,1,stock,,,
2022-04-21 09:30:00-04:00,MLTrader,ad7e86f488864419906962d7ad641923,SPY,sell,market,fill,1,gtc,0.0,1,stock,436.9100036621094,10,0.0
2022-04-22 09:30:00-04:00,MLTrader,5b8270c9137a4856b3d1e38865bfcb19,SPY,sell,market,new,1,gtc,0.0,1,stock,,,
2022-04-22 09:30:00-04:00,MLTrader,5b8270c9137a4856b3d1e38865bfcb19,SPY,sell,market,fill,1,gtc,0.0,1,stock,436.9100036621094,10,0.0
2022-04-26 09:30:00-04:00,MLTrader,7c0ff177b23f4ac1953a29b5c3f47836,SPY,sell,market,new,1,gtc,0.0,1,stock,,,
2022-04-26 09:30:00-04:00,MLTrader,7c0ff177b23f4ac1953a29b5c3f47836,SPY,sell,market,fill,1,gtc,0.0,1,stock,417.239990234375,10,0.0
2022-04-27 09:30:00-04:00,MLTrader,b1e65df059a1451b85bbc9e90d79b80a,SPY,sell,market,new,1,gtc,0.0,1,stock,,,
2022-04-27 09:30:00-04:00,MLTrader,b1e65df059a1451b85bbc9e90d79b80a,SPY,sell,market,fill,1,gtc,0.0,1,stock,422.2900085449219,10,0.0
2022-04-28 09:30:00-04:00,MLTrader,56f765f2e2674dc8b9e526ef7b2110bf,SPY,sell,market,new,1,gtc,0.0,1,stock,,,
2022-04-28 09:30:00-04:00,MLTrader,56f765f2e2674dc8b9e526ef7b2110bf,SPY,sell,market,fill,1,gtc,0.0,1,stock,423.5899963378906,10,0.0
2022-04-29 09:30:00-04:00,MLTrader,ed29f2fe03e64f0592acf5af2501f91f,SPY,buy,stop,canceled,1,day,0.0,1,stock,,,
2022-04-29 09:30:00-04:00,MLTrader,641fa70661064efaa395fbf22681984d,SPY,buy,limit,canceled,1,day,0.0,1,stock,,,
2022-04-29 09:30:00-04:00,MLTrader,04282a71c15743bd85fdcefc94ebf6a5,SPY,buy,stop,canceled,1,day,0.0,1,stock,,,
2022-04-29 09:30:00-04:00,MLTrader,68fe1a6b7c8541deaf0fe55f88c81544,SPY,buy,limit,canceled,1,day,0.0,1,stock,,,
2022-04-29 09:30:00-04:00,MLTrader,8734900f4789438683cc4dcead757b0f,SPY,buy,stop,canceled,1,day,0.0,1,stock,,,
2022-04-29 09:30:00-04:00,MLTrader,873f41fc328d4ea382771729d713ad13,SPY,buy,limit,canceled,1,day,0.0,1,stock,,,
2022-04-29 09:30:00-04:00,MLTrader,352daac358f94b59b4ab9ed4fe2adef8,SPY,buy,stop,canceled,1,day,0.0,1,stock,,,
2022-04-29 09:30:00-04:00,MLTrader,b777171069b54bd1bacdd4ba4af01d3c,SPY,buy,limit,canceled,1,day,0.0,1,stock,,,
2022-04-29 09:30:00-04:00,MLTrader,c74e625c7c994285bcf3d7cc20214d89,SPY,buy,stop,canceled,1,day,0.0,1,stock,,,
2022-04-29 09:30:00-04:00,MLTrader,ccbc835c10294230b95af376e4bc3479,SPY,buy,limit,canceled,1,day,0.0,1,stock,,,
2022-04-29 09:30:00-04:00,MLTrader,788421440ba94b31a714981b70239247,SPY,buy,stop,canceled,1,day,0.0,1,stock,,,
2022-04-29 09:30:00-04:00,MLTrader,bae9c268796f4fa38bf9e159dd4c8df1,SPY,buy,limit,canceled,1,day,0.0,1,stock,,,
2022-04-29 09:30:00-04:00,MLTrader,90b4070e795c46a389582075b2506a28,SPY,buy,stop,canceled,1,day,0.0,1,stock,,,
2022-04-29 09:30:00-04:00,MLTrader,9a0d8dc03546439e8de3a6c881998456,SPY,buy,limit,canceled,1,day,0.0,1,stock,,,
2022-04-29 09:30:00-04:00,MLTrader,1f6ad3f1d12b47db947fc17cd93f4fd6,SPY,buy,stop,canceled,1,day,0.0,1,stock,,,
2022-04-29 09:30:00-04:00,MLTrader,0b617233bc0c4208b68dbf66ab9b5c06,SPY,buy,limit,canceled,1,day,0.0,1,stock,,,
2022-04-29 09:30:00-04:00,MLTrader,8ed83d27af7a4278bd6bf27ed2de453c,SPY,buy,stop,canceled,1,day,0.0,1,stock,,,
2022-04-29 09:30:00-04:00,MLTrader,cd6a045bd8ea43cfb86f6ac50d7c12d3,SPY,buy,limit,canceled,1,day,0.0,1,stock,,,
2022-04-29 09:30:00-04:00,MLTrader,fc3affc6e2da42d98ede995c04059f73,SPY,buy,stop,canceled,1,day,0.0,1,stock,,,
2022-04-29 09:30:00-04:00,MLTrader,e208eb8d6de24dde829ac7c73f4634d4,SPY,buy,limit,canceled,1,day,0.0,1,stock,,,
2022-04-29 09:30:00-04:00,MLTrader,dd6f00f2fede4f4f85138e36769ab323,SPY,buy,market,new,1,day,0.0,1,stock,,,
2022-04-29 09:30:00-04:00,MLTrader,f9007b80ec55404f8abe69935216bd14,SPY,buy,market,new,1,gtc,0.0,1,stock,,,
2022-04-29 09:30:00-04:00,MLTrader,dd6f00f2fede4f4f85138e36769ab323,SPY,buy,market,fill,1,day,0.0,1,stock,423.5899963378906,100.0,0.0
2022-04-29 09:30:00-04:00,MLTrader,f9007b80ec55404f8abe69935216bd14,SPY,buy,market,fill,1,gtc,0.0,1,stock,423.5899963378906,10,0.0
2022-05-03 09:30:00-04:00,MLTrader,da8e53cc25e54d3a9b1aebefef187e5e,SPY,sell,stop,canceled,1,day,0.0,1,stock,,,
2022-05-03 09:30:00-04:00,MLTrader,0b954fbbd7a041dbb182b6b140f9afd2,SPY,sell,limit,canceled,1,day,0.0,1,stock,,,
2022-05-03 09:30:00-04:00,MLTrader,cd2e5348fbd742b5b0c39655d6525edc,SPY,sell,market,new,1,day,0.0,1,stock,,,
2022-05-03 09:30:00-04:00,MLTrader,9a1ca42506024b26a67d14aefd20818d,SPY,sell,market,new,1,gtc,0.0,1,stock,,,
2022-05-03 09:30:00-04:00,MLTrader,cd2e5348fbd742b5b0c39655d6525edc,SPY,sell,market,fill,1,day,0.0,1,stock,417.0799865722656,10.0,0.0
2022-05-03 09:30:00-04:00,MLTrader,9a1ca42506024b26a67d14aefd20818d,SPY,sell,market,fill,1,gtc,0.0,1,stock,417.0799865722656,10,0.0
2022-06-10 09:30:00-04:00,MLTrader,2b45b2d81b214c6d87f82967add1d436,SPY,sell,market,new,1,gtc,0.0,1,stock,,,
2022-06-10 09:30:00-04:00,MLTrader,2b45b2d81b214c6d87f82967add1d436,SPY,sell,market,fill,1,gtc,0.0,1,stock,394.8800048828125,10,0.0
2022-06-15 09:30:00-04:00,MLTrader,fdc4888eaea54e8e87c17db825425d69,SPY,sell,market,new,1,gtc,0.0,1,stock,,,
2022-06-15 09:30:00-04:00,MLTrader,fdc4888eaea54e8e87c17db825425d69,SPY,sell,market,fill,1,gtc,0.0,1,stock,370.510009765625,10,0.0
2022-06-23 09:30:00-04:00,MLTrader,f10ac3d218054797897844978dd0b915,SPY,buy,limit,canceled,1,day,0.0,1,stock,,,
2022-06-23 09:30:00-04:00,MLTrader,eb07800602b2484298ac37881937020e,SPY,buy,stop,fill,1,day,0.0,1,stock,389.03551025390624,10,0.0
2022-06-28 09:30:00-04:00,MLTrader,7748758ee4a54b3c8f27eeacd38c4299,SPY,sell,market,new,1,gtc,0.0,1,stock,,,
2022-06-28 09:30:00-04:00,MLTrader,7748758ee4a54b3c8f27eeacd38c4299,SPY,sell,market,fill,1,gtc,0.0,1,stock,381.2300109863281,10,0.0
2022-07-07 09:30:00-04:00,MLTrader,f375f85c03294722b027e9546b562c3e,SPY,sell,market,new,1,gtc,0.0,1,stock,,,
2022-07-07 09:30:00-04:00,MLTrader,f375f85c03294722b027e9546b562c3e,SPY,sell,market,fill,1,gtc,0.0,1,stock,387.2699890136719,10,0.0
2022-07-08 09:30:00-04:00,MLTrader,c80fe2215f3f4e1b9ddfcad60a9a1915,SPY,buy,stop,canceled,1,day,0.0,1,stock,,,
2022-07-08 09:30:00-04:00,MLTrader,553d809f06574b5b82aae1f11bde7a43,SPY,buy,limit,canceled,1,day,0.0,1,stock,,,
2022-07-08 09:30:00-04:00,MLTrader,c12152084ebc4505841a919febc75335,SPY,buy,stop,canceled,1,day,0.0,1,stock,,,
2022-07-08 09:30:00-04:00,MLTrader,af0715392c794022b297bda44827aad4,SPY,buy,limit,canceled,1,day,0.0,1,stock,,,
2022-07-08 09:30:00-04:00,MLTrader,7deb5373338245f38a186304e83580de,SPY,buy,stop,canceled,1,day,0.0,1,stock,,,
2022-07-08 09:30:00-04:00,MLTrader,b4835b56e8d84834b772c6db4758ea07,SPY,buy,limit,canceled,1,day,0.0,1,stock,,,
2022-07-08 09:30:00-04:00,MLTrader,248ad2691b474a09adb692b115dbbb1f,SPY,buy,stop,canceled,1,day,0.0,1,stock,,,
2022-07-08 09:30:00-04:00,MLTrader,ad388121dff041338bea899ad5078ce9,SPY,buy,limit,canceled,1,day,0.0,1,stock,,,
2022-07-08 09:30:00-04:00,MLTrader,9e347f21b62940f396f136e3cd9cc812,SPY,buy,market,new,1,day,0.0,1,stock,,,
2022-07-08 09:30:00-04:00,MLTrader,9b4218aa76974778a227b204dde7e147,SPY,buy,market,new,1,gtc,0.0,1,stock,,,
2022-07-08 09:30:00-04:00,MLTrader,9e347f21b62940f396f136e3cd9cc812,SPY,buy,market,fill,1,day,0.0,1,stock,387.2699890136719,40.0,0.0
2022-07-08 09:30:00-04:00,MLTrader,9b4218aa76974778a227b204dde7e147,SPY,buy,market,fill,1,gtc,0.0,1,stock,387.2699890136719,10,0.0
2022-07-14 09:30:00-04:00,MLTrader,a745217422fa4116b3e0382c194f52c3,SPY,sell,stop,canceled,1,day,0.0,1,stock,,,
2022-07-14 09:30:00-04:00,MLTrader,7353e59a7b054e8c96ce6b583e46b0de,SPY,sell,limit,canceled,1,day,0.0,1,stock,,,
2022-07-14 09:30:00-04:00,MLTrader,b6dfb2fac9d34b51a9981bd91866bc49,SPY,sell,market,new,1,day,0.0,1,stock,,,
2022-07-14 09:30:00-04:00,MLTrader,a860faa8f9974c058b6cb8834125623d,SPY,sell,market,new,1,gtc,0.0,1,stock,,,
2022-07-14 09:30:00-04:00,MLTrader,b6dfb2fac9d34b51a9981bd91866bc49,SPY,sell,market,fill,1,day,0.0,1,stock,382.54998779296875,10.0,0.0
2022-07-14 09:30:00-04:00,MLTrader,a860faa8f9974c058b6cb8834125623d,SPY,sell,market,fill,1,gtc,0.0,1,stock,382.54998779296875,10,0.0
2022-07-15 09:30:00-04:00,MLTrader,a7692113f31449ab9b63240a1e2e39e9,SPY,sell,market,new,1,gtc,0.0,1,stock,,,
2022-07-15 09:30:00-04:00,MLTrader,a7692113f31449ab9b63240a1e2e39e9,SPY,sell,market,fill,1,gtc,0.0,1,stock,382.54998779296875,10,0.0
2022-07-26 09:30:00-04:00,MLTrader,ec454ac63dca4d4d80911ef3ca901480,SPY,buy,limit,canceled,1,day,0.0,1,stock,,,
2022-07-26 09:30:00-04:00,MLTrader,c5d999b6fab9459089476550f3642715,SPY,buy,stop,fill,1,day,0.0,1,stock,401.6774871826172,10,0.0
2022-07-26 09:30:00-04:00,MLTrader,d10aa95c60544a19941f72bd6344525e,SPY,buy,limit,canceled,1,day,0.0,1,stock,,,
2022-07-26 09:30:00-04:00,MLTrader,0ec134404e7e4a4db9326cb1741b9a01,SPY,buy,stop,fill,1,day,0.0,1,stock,401.6774871826172,10,0.0
2022-08-18 09:30:00-04:00,MLTrader,2c553afd7bad4a06bad0350b8c10b649,SPY,buy,market,new,1,gtc,0.0,1,stock,,,
2022-08-18 09:30:00-04:00,MLTrader,2c553afd7bad4a06bad0350b8c10b649,SPY,buy,market,fill,1,gtc,0.0,1,stock,424.9800109863281,10,0.0
2022-08-29 08:30:00-04:00,MLTrader,28dc9a9d892045a980498b594661b6e4,SPY,sell,limit,canceled,1,day,0.0,1,stock,,,
2022-08-29 08:30:00-04:00,MLTrader,7cfb1f8937d24b779f9fdb4fec073a7b,SPY,sell,stop,fill,1,day,0.0,1,stock,403.7310104370117,10,0.0
2022-08-31 09:30:00-04:00,MLTrader,5db68e3735c94f7696048fef652dbc83,SPY,sell,market,new,1,gtc,0.0,1,stock,,,
2022-08-31 09:30:00-04:00,MLTrader,5db68e3735c94f7696048fef652dbc83,SPY,sell,market,fill,1,gtc,0.0,1,stock,392.8900146484375,10,0.0
2022-09-07 09:30:00-04:00,MLTrader,47bf84c84873473b83a292371893d97b,SPY,sell,market,new,1,gtc,0.0,1,stock,,,
2022-09-07 09:30:00-04:00,MLTrader,47bf84c84873473b83a292371893d97b,SPY,sell,market,fill,1,gtc,0.0,1,stock,395.3900146484375,10,0.0
2022-09-08 09:30:00-04:00,MLTrader,8dbaa5b19d0b40339f3b8a1f398fd64e,SPY,buy,stop,canceled,1,day,0.0,1,stock,,,
2022-09-08 09:30:00-04:00,MLTrader,3d6c677cc64e4a19af96a48fab0c15d1,SPY,buy,limit,canceled,1,day,0.0,1,stock,,,
2022-09-08 09:30:00-04:00,MLTrader,c2570c32e1cb4e14989e99314279bee3,SPY,buy,stop,canceled,1,day,0.0,1,stock,,,
2022-09-08 09:30:00-04:00,MLTrader,2df86eeba2e547608ad5daca87bfcc24,SPY,buy,limit,canceled,1,day,0.0,1,stock,,,
2022-09-08 09:30:00-04:00,MLTrader,8e296f312856412bae434a486d4d62fa,SPY,buy,market,new,1,day,0.0,1,stock,,,
2022-09-08 09:30:00-04:00,MLTrader,1a28501edf354d7c9436805fbdaeff13,SPY,buy,market,new,1,gtc,0.0,1,stock,,,
2022-09-08 09:30:00-04:00,MLTrader,8e296f312856412bae434a486d4d62fa,SPY,buy,market,fill,1,day,0.0,1,stock,402.739990234375,20.0,0.0
2022-09-08 09:30:00-04:00,MLTrader,1a28501edf354d7c9436805fbdaeff13,SPY,buy,market,fill,1,gtc,0.0,1,stock,402.739990234375,10,0.0
2022-09-12 09:30:00-04:00,MLTrader,021c0012a3cf408fbc8c9a207a793682,SPY,buy,market,new,1,gtc,0.0,1,stock,,,
2022-09-12 09:30:00-04:00,MLTrader,021c0012a3cf408fbc8c9a207a793682,SPY,buy,market,fill,1,gtc,0.0,1,stock,401.8299865722656,10,0.0
2022-09-15 09:30:00-04:00,MLTrader,ed04203c89114b88a1dc68ff3f409e9c,SPY,sell,limit,canceled,1,day,0.0,1,stock,,,
2022-09-15 09:30:00-04:00,MLTrader,fe46290cc6e44347840897b4f9fc2c80,SPY,sell,stop,fill,1,day,0.0,1,stock,382.6029907226562,10,0.0
2022-09-16 09:30:00-04:00,MLTrader,ea320f938021410e978c5660f47eb05b,SPY,sell,stop,canceled,1,day,0.0,1,stock,,,
2022-09-16 09:30:00-04:00,MLTrader,5aa1016fec9c478ba22b6d3d833fc571,SPY,sell,limit,canceled,1,day,0.0,1,stock,,,
2022-09-16 09:30:00-04:00,MLTrader,cf1e3992ce694ed882fb80e34b56551f,SPY,sell,market,new,1,day,0.0,1,stock,,,
2022-09-16 09:30:00-04:00,MLTrader,485ad8f8eb7945daad556f74dfcf596e,SPY,sell,market,new,1,gtc,0.0,1,stock,,,
2022-09-16 09:30:00-04:00,MLTrader,cf1e3992ce694ed882fb80e34b56551f,SPY,sell,market,fill,1,day,0.0,1,stock,384.1400146484375,10.0,0.0
2022-09-16 09:30:00-04:00,MLTrader,485ad8f8eb7945daad556f74dfcf596e,SPY,sell,market,fill,1,gtc,0.0,1,stock,384.1400146484375,10,0.0
2022-09-19 09:30:00-04:00,MLTrader,4e72e64808c24b92bd4ed3137e5ab44d,SPY,sell,market,new,1,gtc,0.0,1,stock,,,
2022-09-19 09:30:00-04:00,MLTrader,4e72e64808c24b92bd4ed3137e5ab44d,SPY,sell,market,fill,1,gtc,0.0,1,stock,385.05999755859375,10,0.0
2022-09-27 09:30:00-04:00,MLTrader,b575cd9ecf34428aa2572db4751abd97,SPY,sell,market,new,1,gtc,0.0,1,stock,,,
2022-09-27 09:30:00-04:00,MLTrader,b575cd9ecf34428aa2572db4751abd97,SPY,sell,market,fill,1,gtc,0.0,1,stock,364.3800048828125,10,0.0
2022-09-28 09:30:00-04:00,MLTrader,e280e7f75ce544ec824958f199b31a23,SPY,sell,market,new,1,gtc,0.0,1,stock,,,
2022-09-28 09:30:00-04:00,MLTrader,e280e7f75ce544ec824958f199b31a23,SPY,sell,market,fill,1,gtc,0.0,1,stock,366.80999755859375,10,0.0
2022-10-13 09:30:00-04:00,MLTrader,7df622ca845046f49e4d3af804dc53da,SPY,sell,market,new,1,gtc,0.0,1,stock,,,
2022-10-13 09:30:00-04:00,MLTrader,7df622ca845046f49e4d3af804dc53da,SPY,sell,market,fill,1,gtc,0.0,1,stock,368.54998779296875,10,0.0
2022-10-20 09:30:00-04:00,MLTrader,b6c88f7d7e5840e78017856c934ed1e5,SPY,sell,market,new,1,gtc,0.0,1,stock,,,
2022-10-20 09:30:00-04:00,MLTrader,b6c88f7d7e5840e78017856c934ed1e5,SPY,sell,market,fill,1,gtc,0.0,1,stock,365.1199951171875,10,0.0
2022-10-24 08:30:00-04:00,MLTrader,b8d1f4540a0d49fa8716a7cdec3f130b,SPY,buy,limit,canceled,1,day,0.0,1,stock,,,
2022-10-24 08:30:00-04:00,MLTrader,fd2b326f3e5643008c101c5a6d48b7b7,SPY,buy,stop,fill,1,day,0.0,1,stock,382.59900512695316,10,0.0
2022-10-24 08:30:00-04:00,MLTrader,5165a1df577745ae88c1e0bb7ea61a6e,SPY,buy,limit,canceled,1,day,0.0,1,stock,,,
2022-10-24 08:30:00-04:00,MLTrader,dce5960649394fff9d984a151bb0e98f,SPY,buy,stop,fill,1,day,0.0,1,stock,385.15049743652344,10,0.0
2022-10-24 08:30:00-04:00,MLTrader,f81ceed8b5a84355831c4dd78efc1d63,SPY,buy,limit,canceled,1,day,0.0,1,stock,,,
2022-10-24 08:30:00-04:00,MLTrader,ce612c08bd144b0186c3b64c4c905b27,SPY,buy,stop,fill,1,day,0.0,1,stock,383.37599487304686,10,0.0
2022-10-25 09:30:00-04:00,MLTrader,2825ffe8683f4883bce5db9a852d5734,SPY,buy,limit,canceled,1,day,0.0,1,stock,,,
2022-10-25 09:30:00-04:00,MLTrader,5a730551625e424aac817c0a63fbdec9,SPY,buy,stop,fill,1,day,0.0,1,stock,386.9774871826172,10,0.0
2022-11-03 09:30:00-04:00,MLTrader,49dd51fc0f714fb7875bd6fc7bb81aad,SPY,sell,market,new,1,gtc,0.0,1,stock,,,
2022-11-03 09:30:00-04:00,MLTrader,49dd51fc0f714fb7875bd6fc7bb81aad,SPY,sell,market,fill,1,gtc,0.0,1,stock,377.0,10,0.0
2022-11-11 09:30:00-05:00,MLTrader,e5736fb201c14a488911054aee52c405,SPY,buy,limit,canceled,1,day,0.0,1,stock,,,
2022-11-11 09:30:00-05:00,MLTrader,615065276f604401925a3dc7cc7dd79a,SPY,buy,stop,fill,1,day,0.0,1,stock,395.85,10,0.0
2022-11-15 09:30:00-05:00,MLTrader,e18a21b63cd646d8a221b5d4fa053c6c,SPY,sell,market,new,1,gtc,0.0,1,stock,,,
2022-11-15 09:30:00-05:00,MLTrader,e18a21b63cd646d8a221b5d4fa053c6c,SPY,sell,market,fill,1,gtc,0.0,1,stock,401.1499938964844,10,0.0
2022-11-28 09:30:00-05:00,MLTrader,110ef2186bac47c79d50cf96bca35336,SPY,sell,market,new,1,gtc,0.0,1,stock,,,
2022-11-28 09:30:00-05:00,MLTrader,110ef2186bac47c79d50cf96bca35336,SPY,sell,market,fill,1,gtc,0.0,1,stock,399.0899963378906,10,0.0
2022-11-30 09:30:00-05:00,MLTrader,c2953a53830f43d6945890e81dbbb9cd,SPY,buy,limit,canceled,1,day,0.0,1,stock,,,
2022-11-30 09:30:00-05:00,MLTrader,ffb24d0a1c5543c2b65c9de524f6180f,SPY,buy,stop,fill,1,day,0.0,1,stock,403.3470153808594,10,0.0
2022-11-30 09:30:00-05:00,MLTrader,e1e0ac3084e146d2abdb37ab34374153,SPY,buy,limit,canceled,1,day,0.0,1,stock,,,
2022-11-30 09:30:00-05:00,MLTrader,4120f08cc59a4b0daec756bc2108deec,SPY,buy,stop,fill,1,day,0.0,1,stock,404.31299743652346,10,0.0
2022-12-07 09:30:00-05:00,MLTrader,3515cc348d3d46ee8c32e281b72ea1a6,SPY,sell,market,new,1,gtc,0.0,1,stock,,,
2022-12-07 09:30:00-05:00,MLTrader,3515cc348d3d46ee8c32e281b72ea1a6,SPY,sell,market,fill,1,gtc,0.0,1,stock,392.94000244140625,10,0.0
2023-01-19 09:30:00-05:00,MLTrader,8ecfea61c44a48499c4336efa060c735,SPY,sell,market,new,1,gtc,0.0,1,stock,,,
2023-01-19 09:30:00-05:00,MLTrader,8ecfea61c44a48499c4336efa060c735,SPY,sell,market,fill,1,gtc,0.0,1,stock,389.3599853515625,10,0.0
2023-02-01 09:30:00-05:00,MLTrader,994092f92b2543a695b65ed5c20529aa,SPY,buy,limit,canceled,1,day,0.0,1,stock,,,
2023-02-01 09:30:00-05:00,MLTrader,573ab0692ece4d8eb2f549ac100fd391,SPY,buy,stop,fill,1,day,0.0,1,stock,412.5870025634766,10,0.0
2023-02-01 09:30:00-05:00,MLTrader,04cd868b34944cfdbcd782b1eb622822,SPY,buy,limit,canceled,1,day,0.0,1,stock,,,
2023-02-01 09:30:00-05:00,MLTrader,6046eddb1a214433915b7673a0eaaf49,SPY,buy,stop,fill,1,day,0.0,1,stock,408.82798461914064,10,0.0
2023-02-13 09:30:00-05:00,MLTrader,08d0f43c7eb940c8a6bf8c61ccaad128,SPY,sell,market,new,1,gtc,0.0,1,stock,,,
2023-02-13 09:30:00-05:00,MLTrader,08d0f43c7eb940c8a6bf8c61ccaad128,SPY,sell,market,fill,1,gtc,0.0,1,stock,408.7200012207031,10,0.0
2023-02-23 09:30:00-05:00,MLTrader,0d9eab2a654f45ceae1d8085dcd5c640,SPY,sell,market,new,1,gtc,0.0,1,stock,,,
2023-02-23 09:30:00-05:00,MLTrader,0d9eab2a654f45ceae1d8085dcd5c640,SPY,sell,market,fill,1,gtc,0.0,1,stock,401.55999755859375,10,0.0
2023-02-27 09:30:00-05:00,MLTrader,a4d1c62617f5445da2c57a527d708283,SPY,sell,market,new,1,gtc,0.0,1,stock,,,
2023-02-27 09:30:00-05:00,MLTrader,a4d1c62617f5445da2c57a527d708283,SPY,sell,market,fill,1,gtc,0.0,1,stock,399.8699951171875,10,0.0
2023-02-28 09:30:00-05:00,MLTrader,fa8194575e454e368dde828ed0b59972,SPY,sell,market,new,1,gtc,0.0,1,stock,,,
2023-02-28 09:30:00-05:00,MLTrader,fa8194575e454e368dde828ed0b59972,SPY,sell,market,fill,1,gtc,0.0,1,stock,397.2300109863281,10,0.0
2023-03-01 09:30:00-05:00,MLTrader,4b469c12de8942ab8bad58fe8e5654ed,SPY,sell,market,new,1,gtc,0.0,1,stock,,,
2023-03-01 09:30:00-05:00,MLTrader,4b469c12de8942ab8bad58fe8e5654ed,SPY,sell,market,fill,1,gtc,0.0,1,stock,395.4100036621094,10,0.0
2023-03-08 09:30:00-05:00,MLTrader,ce57ad1ef7604fc6af481bb3dfb0564f,SPY,sell,market,new,1,gtc,0.0,1,stock,,,
2023-03-08 09:30:00-05:00,MLTrader,ce57ad1ef7604fc6af481bb3dfb0564f,SPY,sell,market,fill,1,gtc,0.0,1,stock,398.3900146484375,10,0.0
2023-03-09 09:30:00-05:00,MLTrader,407abbffa8ab44c68162da9e3412d1e2,SPY,buy,stop,canceled,1,day,0.0,1,stock,,,
2023-03-09 09:30:00-05:00,MLTrader,8a08340cd141471b8b4ae2d266d81868,SPY,buy,limit,canceled,1,day,0.0,1,stock,,,
2023-03-09 09:30:00-05:00,MLTrader,be5b1bd751f14e1ea2e7ce7d6e840c57,SPY,buy,stop,canceled,1,day,0.0,1,stock,,,
2023-03-09 09:30:00-05:00,MLTrader,49bb5a7f658f4822afdf4c75d3269228,SPY,buy,limit,canceled,1,day,0.0,1,stock,,,
2023-03-09 09:30:00-05:00,MLTrader,ed7ca7f9f8624734ad42cb538e39cf0b,SPY,buy,stop,canceled,1,day,0.0,1,stock,,,
2023-03-09 09:30:00-05:00,MLTrader,08c169e170b64f97b336f2bc3d1918fb,SPY,buy,limit,canceled,1,day,0.0,1,stock,,,
2023-03-09 09:30:00-05:00,MLTrader,737f38786f124e63b9286dc6485b024a,SPY,buy,stop,canceled,1,day,0.0,1,stock,,,
2023-03-09 09:30:00-05:00,MLTrader,6ece65b77139460dacfba0a7c1901e5b,SPY,buy,limit,canceled,1,day,0.0,1,stock,,,
2023-03-09 09:30:00-05:00,MLTrader,4000a771a67445c9a809a819dd9b9972,SPY,buy,stop,canceled,1,day,0.0,1,stock,,,
2023-03-09 09:30:00-05:00,MLTrader,95b04f3b2e114a5abc564f70d4e90fe1,SPY,buy,limit,canceled,1,day,0.0,1,stock,,,
2023-03-09 09:30:00-05:00,MLTrader,dc51a5042d6c47b0b348f5cc17d7b277,SPY,buy,stop,canceled,1,day,0.0,1,stock,,,
2023-03-09 09:30:00-05:00,MLTrader,752ce569dae54e5c88f41fc39ca95afa,SPY,buy,limit,canceled,1,day,0.0,1,stock,,,
2023-03-09 09:30:00-05:00,MLTrader,f6e8df004d2749009c246f562d4b6067,SPY,buy,stop,canceled,1,day,0.0,1,stock,,,
2023-03-09 09:30:00-05:00,MLTrader,0927977865a24290be24b8a9d13b4b32,SPY,buy,limit,canceled,1,day,0.0,1,stock,,,
2023-03-09 09:30:00-05:00,MLTrader,cfc5689c04b1424dad33a2cc05eeeaed,SPY,buy,stop,canceled,1,day,0.0,1,stock,,,
2023-03-09 09:30:00-05:00,MLTrader,e90d0aab81e54ea5b32802a2837de76b,SPY,buy,limit,canceled,1,day,0.0,1,stock,,,
2023-03-09 09:30:00-05:00,MLTrader,c954993b9646455889d608ee0d78cfc5,SPY,buy,market,new,1,day,0.0,1,stock,,,
2023-03-09 09:30:00-05:00,MLTrader,981a5c198676415fb2603eefcfbcda37,SPY,buy,market,new,1,gtc,0.0,1,stock,,,
2023-03-09 09:30:00-05:00,MLTrader,c954993b9646455889d608ee0d78cfc5,SPY,buy,market,fill,1,day,0.0,1,stock,399.739990234375,80.0,0.0
2023-03-09 09:30:00-05:00,MLTrader,981a5c198676415fb2603eefcfbcda37,SPY,buy,market,fill,1,gtc,0.0,1,stock,399.739990234375,10,0.0
2023-03-20 09:30:00-04:00,MLTrader,19f734d12a774d15a5dcc6e365dd47d8,SPY,buy,market,new,1,gtc,0.0,1,stock,,,
2023-03-20 09:30:00-04:00,MLTrader,19f734d12a774d15a5dcc6e365dd47d8,SPY,buy,market,fill,1,gtc,0.0,1,stock,397.239990234375,10,0.0
2023-03-28 09:30:00-04:00,MLTrader,874c6d6a08de4059bee4c4f681d0cf3b,SPY,sell,stop,canceled,1,day,0.0,1,stock,,,
2023-03-28 09:30:00-04:00,MLTrader,83dd4c197a1e4827b597b48be7218fac,SPY,sell,limit,canceled,1,day,0.0,1,stock,,,
2023-03-28 09:30:00-04:00,MLTrader,8fe342c7cbd546a593b920f8b1c4fc96,SPY,sell,stop,canceled,1,day,0.0,1,stock,,,
2023-03-28 09:30:00-04:00,MLTrader,81d3a02738da40b1838c4b282aa4ee26,SPY,sell,limit,canceled,1,day,0.0,1,stock,,,
2023-03-28 09:30:00-04:00,MLTrader,afa5bc917d004f7f9cb7ff65c901606e,SPY,sell,market,new,1,day,0.0,1,stock,,,
2023-03-28 09:30:00-04:00,MLTrader,6485b31de5b44f6db999857b82f3f862,SPY,sell,market,new,1,gtc,0.0,1,stock,,,
2023-03-28 09:30:00-04:00,MLTrader,afa5bc917d004f7f9cb7ff65c901606e,SPY,sell,market,fill,1,day,0.0,1,stock,399.92999267578125,20.0,0.0
2023-03-28 09:30:00-04:00,MLTrader,6485b31de5b44f6db999857b82f3f862,SPY,sell,market,fill,1,gtc,0.0,1,stock,399.92999267578125,10,0.0
2023-04-03 09:30:00-04:00,MLTrader,ce357494961f4bb3b559f1ed8d382f02,SPY,sell,market,new,1,gtc,0.0,1,stock,,,
2023-04-03 09:30:00-04:00,MLTrader,ce357494961f4bb3b559f1ed8d382f02,SPY,sell,market,fill,1,gtc,0.0,1,stock,411.6199951171875,10,0.0
2023-04-10 09:30:00-04:00,MLTrader,3937b2ef7b4c46969d72940281c9ed04,SPY,sell,market,new,1,gtc,0.0,1,stock,,,
2023-04-10 09:30:00-04:00,MLTrader,3937b2ef7b4c46969d72940281c9ed04,SPY,sell,market,fill,1,gtc,0.0,1,stock,410.260009765625,10,0.0
2023-04-26 09:30:00-04:00,MLTrader,bfb2ce1957524862ba3f08aa43d57302,SPY,sell,market,new,1,gtc,0.0,1,stock,,,
2023-04-26 09:30:00-04:00,MLTrader,bfb2ce1957524862ba3f08aa43d57302,SPY,sell,market,fill,1,gtc,0.0,1,stock,407.0,10,0.0
2023-05-18 09:30:00-04:00,MLTrader,7430de9a50bf46cb91964f06bc73ae64,SPY,buy,limit,canceled,1,day,0.0,1,stock,,,
2023-05-18 09:30:00-04:00,MLTrader,b87b6a82ec5b45febb547f3cf29f14a5,SPY,buy,stop,fill,1,day,0.0,1,stock,420.1700134277344,10,0.0
2023-06-01 09:30:00-04:00,MLTrader,7ec8b5a2bd3147c39ec80c31c06a0f0d,SPY,buy,limit,canceled,1,day,0.0,1,stock,,,
2023-06-01 09:30:00-04:00,MLTrader,5f8a7eb731d74e71a3f948e39e391a4d,SPY,buy,stop,fill,1,day,0.0,1,stock,427.35,10,0.0
2023-06-06 09:30:00-04:00,MLTrader,d0acde70d8c04396b33618038c123080,SPY,buy,stop,canceled,1,day,0.0,1,stock,,,
2023-06-06 09:30:00-04:00,MLTrader,fc3e956d92a94355acfdd39d09792e7b,SPY,buy,limit,canceled,1,day,0.0,1,stock,,,
2023-06-06 09:30:00-04:00,MLTrader,92258dabd43c4610becb683272d8c422,SPY,buy,stop,canceled,1,day,0.0,1,stock,,,
2023-06-06 09:30:00-04:00,MLTrader,f800ce33ec8b48d8ae2af4f05eb30d8e,SPY,buy,limit,canceled,1,day,0.0,1,stock,,,
2023-06-06 09:30:00-04:00,MLTrader,b034bb77d5cf4b61824046f94443e59d,SPY,buy,market,new,1,day,0.0,1,stock,,,
2023-06-06 09:30:00-04:00,MLTrader,6f4b791ec7d74dd2b106b09adff220e8,SPY,buy,market,new,1,gtc,0.0,1,stock,,,
2023-06-06 09:30:00-04:00,MLTrader,b034bb77d5cf4b61824046f94443e59d,SPY,buy,market,fill,1,day,0.0,1,stock,428.44000244140625,20.0,0.0
2023-06-06 09:30:00-04:00,MLTrader,6f4b791ec7d74dd2b106b09adff220e8,SPY,buy,market,fill,1,gtc,0.0,1,stock,428.44000244140625,10,0.0
2023-06-12 09:30:00-04:00,MLTrader,db62dddc89214072ad70aa50ec976b64,SPY,sell,stop,canceled,1,day,0.0,1,stock,,,
2023-06-12 09:30:00-04:00,MLTrader,38cde903075042abbcf7b2d9ff0dd403,SPY,sell,limit,canceled,1,day,0.0,1,stock,,,
2023-06-12 09:30:00-04:00,MLTrader,44239a8a36f64c2a871cb43eaff5f476,SPY,sell,market,new,1,day,0.0,1,stock,,,
2023-06-12 09:30:00-04:00,MLTrader,c15d6566057d437cb9748435e5ab9b77,SPY,sell,market,new,1,gtc,0.0,1,stock,,,
2023-06-12 09:30:00-04:00,MLTrader,44239a8a36f64c2a871cb43eaff5f476,SPY,sell,market,fill,1,day,0.0,1,stock,435.32000732421875,10.0,0.0
2023-06-12 09:30:00-04:00,MLTrader,c15d6566057d437cb9748435e5ab9b77,SPY,sell,market,fill,1,gtc,0.0,1,stock,435.32000732421875,10,0.0
2023-06-28 09:30:00-04:00,MLTrader,3fbc68350ee245398f9b68142467197e,SPY,buy,stop,canceled,1,day,0.0,1,stock,,,
2023-06-28 09:30:00-04:00,MLTrader,31f24ed0be474f6b8b455e02a458444b,SPY,buy,limit,canceled,1,day,0.0,1,stock,,,
2023-06-28 09:30:00-04:00,MLTrader,a829d4e0b18b46c098be893922947164,SPY,buy,market,new,1,day,0.0,1,stock,,,
2023-06-28 09:30:00-04:00,MLTrader,320255f9eff34ddc99e31c2548dcfbc2,SPY,buy,market,new,1,gtc,0.0,1,stock,,,
2023-06-28 09:30:00-04:00,MLTrader,a829d4e0b18b46c098be893922947164,SPY,buy,market,fill,1,day,0.0,1,stock,435.9599914550781,10.0,0.0
2023-06-28 09:30:00-04:00,MLTrader,320255f9eff34ddc99e31c2548dcfbc2,SPY,buy,market,fill,1,gtc,0.0,1,stock,435.9599914550781,10,0.0
2023-06-29 09:30:00-04:00,MLTrader,275b9ee930864483a822e277088800ff,SPY,sell,stop,canceled,1,day,0.0,1,stock,,,
2023-06-29 09:30:00-04:00,MLTrader,32e0301152d04bafb4420e9a91a10f7d,SPY,sell,limit,canceled,1,day,0.0,1,stock,,,
2023-06-29 09:30:00-04:00,MLTrader,3e5eda2ebcae4203bc6c107dadce8ca2,SPY,sell,market,new,1,day,0.0,1,stock,,,
2023-06-29 09:30:00-04:00,MLTrader,46707ee4e67f46648936a9c6553a045f,SPY,sell,market,new,1,gtc,0.0,1,stock,,,
2023-06-29 09:30:00-04:00,MLTrader,3e5eda2ebcae4203bc6c107dadce8ca2,SPY,sell,market,fill,1,day,0.0,1,stock,441.44000244140625,10.0,0.0
2023-06-29 09:30:00-04:00,MLTrader,46707ee4e67f46648936a9c6553a045f,SPY,sell,market,fill,1,gtc,0.0,1,stock,441.44000244140625,10,0.0
2023-07-10 09:30:00-04:00,MLTrader,337dde79d296441bb4488b2a957e87cf,SPY,buy,stop,canceled,1,day,0.0,1,stock,,,
2023-07-10 09:30:00-04:00,MLTrader,b0c346a743fd4aec947ec4b9af9eef8d,SPY,buy,limit,canceled,1,day,0.0,1,stock,,,
2023-07-10 09:30:00-04:00,MLTrader,fcd70b7e2ec3496da456f2f49484c6ca,SPY,buy,market,new,1,day,0.0,1,stock,,,
2023-07-10 09:30:00-04:00,MLTrader,2290d169a16f43259f8f19bc086d4b6d,SPY,buy,market,new,1,gtc,0.0,1,stock,,,
2023-07-10 09:30:00-04:00,MLTrader,fcd70b7e2ec3496da456f2f49484c6ca,SPY,buy,market,fill,1,day,0.0,1,stock,440.45001220703125,10.0,0.0
2023-07-10 09:30:00-04:00,MLTrader,2290d169a16f43259f8f19bc086d4b6d,SPY,buy,market,fill,1,gtc,0.0,1,stock,440.45001220703125,10,0.0
2023-07-17 09:30:00-04:00,MLTrader,7b17c2f7f1c542c6a0ad46d626a4738c,SPY,buy,market,new,1,gtc,0.0,1,stock,,,
2023-07-17 09:30:00-04:00,MLTrader,7b17c2f7f1c542c6a0ad46d626a4738c,SPY,buy,market,fill,1,gtc,0.0,1,stock,450.5,10,0.0
2023-07-31 09:30:00-04:00,MLTrader,0766a93d288c416c9bc8be9793eeae0d,SPY,sell,stop,canceled,1,day,0.0,1,stock,,,
2023-07-31 09:30:00-04:00,MLTrader,c66122b3efb344b088025e2b6da60c26,SPY,sell,limit,canceled,1,day,0.0,1,stock,,,
2023-07-31 09:30:00-04:00,MLTrader,1899abb9c31a4f8ba4104e0ab9844f2b,SPY,sell,stop,canceled,1,day,0.0,1,stock,,,
2023-07-31 09:30:00-04:00,MLTrader,7908d7664dec403c923dc87442403782,SPY,sell,limit,canceled,1,day,0.0,1,stock,,,
2023-07-31 09:30:00-04:00,MLTrader,eef3461f229a402f9886a6046d244cbd,SPY,sell,market,new,1,day,0.0,1,stock,,,
2023-07-31 09:30:00-04:00,MLTrader,8ccebaad2c1d4a65978ef31e076e7a02,SPY,sell,market,new,1,gtc,0.0,1,stock,,,
2023-07-31 09:30:00-04:00,MLTrader,eef3461f229a402f9886a6046d244cbd,SPY,sell,market,fill,1,day,0.0,1,stock,456.2699890136719,20.0,0.0
2023-07-31 09:30:00-04:00,MLTrader,8ccebaad2c1d4a65978ef31e076e7a02,SPY,sell,market,fill,1,gtc,0.0,1,stock,456.2699890136719,10,0.0
2023-08-01 09:30:00-04:00,MLTrader,3d7c16ad62a04a228d2bb5b558009101,SPY,sell,market,new,1,gtc,0.0,1,stock,,,
2023-08-01 09:30:00-04:00,MLTrader,3d7c16ad62a04a228d2bb5b558009101,SPY,sell,market,fill,1,gtc,0.0,1,stock,453.25,10,0.0
2023-08-02 09:30:00-04:00,MLTrader,789be7abd1ec4b02af43c2d64f32d9ae,SPY,buy,stop,canceled,1,day,0.0,1,stock,,,
2023-08-02 09:30:00-04:00,MLTrader,4e57ba4014e648ae9a0e96ec8e4a04bf,SPY,buy,limit,canceled,1,day,0.0,1,stock,,,
2023-08-02 09:30:00-04:00,MLTrader,74be566df4994f5a8b1cd4ee385ec091,SPY,buy,stop,canceled,1,day,0.0,1,stock,,,
2023-08-02 09:30:00-04:00,MLTrader,81dc50e69ac941b0a5b1df794eb6aec4,SPY,buy,limit,canceled,1,day,0.0,1,stock,,,
2023-08-02 09:30:00-04:00,MLTrader,ded8cf868d854d1a824a8ffc174e73ac,SPY,buy,market,new,1,day,0.0,1,stock,,,
2023-08-02 09:30:00-04:00,MLTrader,2d559ea25e9047f59caed07247cc7495,SPY,buy,market,new,1,gtc,0.0,1,stock,,,
2023-08-02 09:30:00-04:00,MLTrader,ded8cf868d854d1a824a8ffc174e73ac,SPY,buy,market,fill,1,day,0.0,1,stock,448.0400085449219,20.0,0.0
2023-08-02 09:30:00-04:00,MLTrader,2d559ea25e9047f59caed07247cc7495,SPY,buy,market,fill,1,gtc,0.0,1,stock,448.0400085449219,10,0.0
2023-08-11 09:30:00-04:00,MLTrader,b3cad5c74020405494bb5e31b1ac81f6,SPY,sell,stop,canceled,1,day,0.0,1,stock,,,
2023-08-11 09:30:00-04:00,MLTrader,76dd049a3c7f4c73a8f5f2b550dc8729,SPY,sell,limit,canceled,1,day,0.0,1,stock,,,
2023-08-11 09:30:00-04:00,MLTrader,95ec01950d0d412bb00696e26e84114a,SPY,sell,market,new,1,day,0.0,1,stock,,,
2023-08-11 09:30:00-04:00,MLTrader,a8e8e0926a6e4b91acce04ff25ad8b40,SPY,sell,market,new,1,gtc,0.0,1,stock,,,
2023-08-11 09:30:00-04:00,MLTrader,95ec01950d0d412bb00696e26e84114a,SPY,sell,market,fill,1,day,0.0,1,stock,443.9700012207031,10.0,0.0
2023-08-11 09:30:00-04:00,MLTrader,a8e8e0926a6e4b91acce04ff25ad8b40,SPY,sell,market,fill,1,gtc,0.0,1,stock,443.9700012207031,10,0.0
2023-08-16 09:30:00-04:00,MLTrader,6dbb83e759694ed39848cad3f81ef3e4,SPY,sell,market,new,1,gtc,0.0,1,stock,,,
2023-08-16 09:30:00-04:00,MLTrader,6dbb83e759694ed39848cad3f81ef3e4,SPY,sell,market,fill,1,gtc,0.0,1,stock,441.1600036621094,10,0.0
2023-08-21 09:30:00-04:00,MLTrader,481d18d1900145fda834ad20dacb9903,SPY,sell,market,new,1,gtc,0.0,1,stock,,,
2023-08-21 09:30:00-04:00,MLTrader,481d18d1900145fda834ad20dacb9903,SPY,sell,market,fill,1,gtc,0.0,1,stock,441.17999267578125,10,0.0
2023-08-28 09:30:00-04:00,MLTrader,abac356ad0a24054b5d39e2054bd4eb5,SPY,sell,market,new,1,gtc,0.0,1,stock,,,
2023-08-28 09:30:00-04:00,MLTrader,abac356ad0a24054b5d39e2054bd4eb5,SPY,sell,market,fill,1,gtc,0.0,1,stock,442.6499938964844,10,0.0
2023-09-05 09:30:00-04:00,MLTrader,822a2c988a5c4058a27d0a5d1cbdc2aa,SPY,sell,market,new,1,gtc,0.0,1,stock,,,
2023-09-05 09:30:00-04:00,MLTrader,822a2c988a5c4058a27d0a5d1cbdc2aa,SPY,sell,market,fill,1,gtc,0.0,1,stock,448.3999938964844,10,0.0
2023-09-08 09:30:00-04:00,MLTrader,167e5c1840f34454bea78b65ea7305d3,SPY,sell,market,new,1,gtc,0.0,1,stock,,,
2023-09-08 09:30:00-04:00,MLTrader,167e5c1840f34454bea78b65ea7305d3,SPY,sell,market,fill,1,gtc,0.0,1,stock,444.8999938964844,10,0.0
2023-10-09 09:30:00-04:00,MLTrader,56c2914638fb43a6884d71793ce8edd1,SPY,sell,market,new,1,gtc,0.0,1,stock,,,
2023-10-09 09:30:00-04:00,MLTrader,56c2914638fb43a6884d71793ce8edd1,SPY,sell,market,fill,1,gtc,0.0,1,stock,432.94000244140625,10,0.0
2023-10-19 09:30:00-04:00,MLTrader,bb1bcc860fd44b2bab0db425ff967f6b,SPY,buy,stop,canceled,1,day,0.0,1,stock,,,
2023-10-19 09:30:00-04:00,MLTrader,7592e219da2d43668aaceb6fdd36b180,SPY,buy,limit,canceled,1,day,0.0,1,stock,,,
2023-10-19 09:30:00-04:00,MLTrader,2839293f31344cf4a5319fe328386f6e,SPY,buy,stop,canceled,1,day,0.0,1,stock,,,
2023-10-19 09:30:00-04:00,MLTrader,a1d29f30132844309a750628ddbea4bb,SPY,buy,limit,canceled,1,day,0.0,1,stock,,,
2023-10-19 09:30:00-04:00,MLTrader,add566c323124a73a851f36410c9517b,SPY,buy,stop,canceled,1,day,0.0,1,stock,,,
2023-10-19 09:30:00-04:00,MLTrader,f9938d03b83a42a7853ae99a4bf68ee0,SPY,buy,limit,canceled,1,day,0.0,1,stock,,,
2023-10-19 09:30:00-04:00,MLTrader,6d6def58e5e14f92ad2b6adc0e8e1a43,SPY,buy,stop,canceled,1,day,0.0,1,stock,,,
2023-10-19 09:30:00-04:00,MLTrader,9c8f4cc2076942d4b2b42796e7579537,SPY,buy,limit,canceled,1,day,0.0,1,stock,,,
2023-10-19 09:30:00-04:00,MLTrader,98784b5e35b446c6a23b5a23d7e0f67c,SPY,buy,stop,canceled,1,day,0.0,1,stock,,,
2023-10-19 09:30:00-04:00,MLTrader,f691c17354d4455eb54d991672337d78,SPY,buy,limit,canceled,1,day,0.0,1,stock,,,
2023-10-19 09:30:00-04:00,MLTrader,d2db0bb18f7347068d1ee003a689c31e,SPY,buy,stop,canceled,1,day,0.0,1,stock,,,
2023-10-19 09:30:00-04:00,MLTrader,3b965befe94d46d8b92f92dc3de3f607,SPY,buy,limit,canceled,1,day,0.0,1,stock,,,
2023-10-19 09:30:00-04:00,MLTrader,cbaf4449952c40ea939f9a584b468828,SPY,buy,stop,canceled,1,day,0.0,1,stock,,,
2023-10-19 09:30:00-04:00,MLTrader,a9f4e2a7e87a4c998cbc803ebe063698,SPY,buy,limit,canceled,1,day,0.0,1,stock,,,
2023-10-19 09:30:00-04:00,MLTrader,93b43aead6494a69a19cb985dadb5427,SPY,buy,market,new,1,day,0.0,1,stock,,,
2023-10-19 09:30:00-04:00,MLTrader,674d46cbb0254361aa30a319412a0236,SPY,buy,market,new,1,gtc,0.0,1,stock,,,
2023-10-19 09:30:00-04:00,MLTrader,93b43aead6494a69a19cb985dadb5427,SPY,buy,market,fill,1,day,0.0,1,stock,425.9800109863281,70.0,0.0
2023-10-19 09:30:00-04:00,MLTrader,674d46cbb0254361aa30a319412a0236,SPY,buy,market,fill,1,gtc,0.0,1,stock,425.9800109863281,10,0.0
2023-11-02 09:30:00-04:00,MLTrader,d7da874418d14d52a3acb1de149df49e,SPY,sell,stop,canceled,1,day,0.0,1,stock,,,
2023-11-02 09:30:00-04:00,MLTrader,b3f1d86aa4e14241aff47385448486b6,SPY,sell,limit,canceled,1,day,0.0,1,stock,,,
2023-11-02 09:30:00-04:00,MLTrader,295dca2678554d45810d35a2e9bfdfdd,SPY,sell,market,new,1,day,0.0,1,stock,,,
2023-11-02 09:30:00-04:00,MLTrader,ae9456145834462b8cf281bff6e2fc02,SPY,sell,market,new,1,gtc,0.0,1,stock,,,
2023-11-02 09:30:00-04:00,MLTrader,295dca2678554d45810d35a2e9bfdfdd,SPY,sell,market,fill,1,day,0.0,1,stock,433.1400146484375,10.0,0.0
2023-11-02 09:30:00-04:00,MLTrader,ae9456145834462b8cf281bff6e2fc02,SPY,sell,market,fill,1,gtc,0.0,1,stock,433.1400146484375,10,0.0
2023-11-13 09:30:00-05:00,MLTrader,022180e33d4347a8a31d552967c4dcff,SPY,sell,market,new,1,gtc,0.0,1,stock,,,
2023-11-13 09:30:00-05:00,MLTrader,022180e33d4347a8a31d552967c4dcff,SPY,sell,market,fill,1,gtc,0.0,1,stock,439.2300109863281,10,0.0
2023-11-15 09:30:00-05:00,MLTrader,6b35e3b4965f4e95a9a29d035cc488fe,SPY,sell,market,new,1,gtc,0.0,1,stock,,,
2023-11-15 09:30:00-05:00,MLTrader,6b35e3b4965f4e95a9a29d035cc488fe,SPY,sell,market,fill,1,gtc,0.0,1,stock,450.1099853515625,10,0.0
2023-11-16 09:30:00-05:00,MLTrader,fc1be8dde7604ba993deb5721bede610,SPY,buy,stop,canceled,1,day,0.0,1,stock,,,
2023-11-16 09:30:00-05:00,MLTrader,831d38b436124d8e98cd464a763b0ca0,SPY,buy,limit,canceled,1,day,0.0,1,stock,,,
2023-11-16 09:30:00-05:00,MLTrader,e2ab24678e264d4e9dd777fa316e91ed,SPY,buy,stop,canceled,1,day,0.0,1,stock,,,
2023-11-16 09:30:00-05:00,MLTrader,9ec0bbe1523b45c5a5350ad3bb5a6be4,SPY,buy,limit,canceled,1,day,0.0,1,stock,,,
2023-11-16 09:30:00-05:00,MLTrader,627f84ba7506453f8481dc0b567460ef,SPY,buy,stop,canceled,1,day,0.0,1,stock,,,
2023-11-16 09:30:00-05:00,MLTrader,12998be5422546ebbf0927c512f3786c,SPY,buy,limit,canceled,1,day,0.0,1,stock,,,
2023-11-16 09:30:00-05:00,MLTrader,dc4783a1ca794fe988613f61ca87e21c,SPY,buy,market,new,1,day,0.0,1,stock,,,
2023-11-16 09:30:00-05:00,MLTrader,78966f550def441e854c8b55e6141f22,SPY,buy,market,new,1,gtc,0.0,1,stock,,,
2023-11-16 09:30:00-05:00,MLTrader,dc4783a1ca794fe988613f61ca87e21c,SPY,buy,market,fill,1,day,0.0,1,stock,449.2200012207031,30.0,0.0
2023-11-16 09:30:00-05:00,MLTrader,78966f550def441e854c8b55e6141f22,SPY,buy,market,fill,1,gtc,0.0,1,stock,449.2200012207031,10,0.0
2023-11-22 09:30:00-05:00,MLTrader,075a90fad4ea438b9a89bbe93fb82ab1,SPY,buy,market,new,1,gtc,0.0,1,stock,,,
2023-11-22 09:30:00-05:00,MLTrader,075a90fad4ea438b9a89bbe93fb82ab1,SPY,buy,market,fill,1,gtc,0.0,1,stock,454.9800109863281,10,0.0
2023-11-27 09:30:00-05:00,MLTrader,1e6d2d4b1d1d4a6589508cb933522526,SPY,sell,stop,canceled,1,day,0.0,1,stock,,,
2023-11-27 09:30:00-05:00,MLTrader,a9e48247cca8493ba12f58969c2d0f08,SPY,sell,limit,canceled,1,day,0.0,1,stock,,,
2023-11-27 09:30:00-05:00,MLTrader,2a19e56fe959440e9fb7892e228f76fd,SPY,sell,stop,canceled,1,day,0.0,1,stock,,,
2023-11-27 09:30:00-05:00,MLTrader,055967afb6a347f0b3d46e60233cc64a,SPY,sell,limit,canceled,1,day,0.0,1,stock,,,
2023-11-27 09:30:00-05:00,MLTrader,99d4415a47a648bb9436d82a15eb9908,SPY,sell,market,new,1,day,0.0,1,stock,,,
2023-11-27 09:30:00-05:00,MLTrader,85fc2de76c9c48eebc2da11fc6f285e2,SPY,sell,market,new,1,gtc,0.0,1,stock,,,
2023-11-27 09:30:00-05:00,MLTrader,99d4415a47a648bb9436d82a15eb9908,SPY,sell,market,fill,1,day,0.0,1,stock,454.6499938964844,20.0,0.0
2023-11-27 09:30:00-05:00,MLTrader,85fc2de76c9c48eebc2da11fc6f285e2,SPY,sell,market,fill,1,gtc,0.0,1,stock,454.6499938964844,10,0.0
2023-11-29 09:30:00-05:00,MLTrader,b4b37d3a28c14959a08c5c70f95f40f9,SPY,buy,stop,canceled,1,day,0.0,1,stock,,,
2023-11-29 09:30:00-05:00,MLTrader,68cb48b4cb584e2a888220f69f0683de,SPY,buy,limit,canceled,1,day,0.0,1,stock,,,
2023-11-29 09:30:00-05:00,MLTrader,7faa4530a13a4abc995ff930c6034547,SPY,buy,market,new,1,day,0.0,1,stock,,,
2023-11-29 09:30:00-05:00,MLTrader,af0f40a54abf4d56a9749f7d381aa94f,SPY,buy,market,new,1,gtc,0.0,1,stock,,,
2023-11-29 09:30:00-05:00,MLTrader,7faa4530a13a4abc995ff930c6034547,SPY,buy,market,fill,1,day,0.0,1,stock,457.1499938964844,10.0,0.0
2023-11-29 09:30:00-05:00,MLTrader,af0f40a54abf4d56a9749f7d381aa94f,SPY,buy,market,fill,1,gtc,0.0,1,stock,457.1499938964844,10,0.0
2023-11-30 09:30:00-05:00,MLTrader,8213de9a890c43bdaf2dc68398d039b6,SPY,sell,stop,canceled,1,day,0.0,1,stock,,,
2023-11-30 09:30:00-05:00,MLTrader,04496c2bd4044e0683dd6bbc2cca787d,SPY,sell,limit,canceled,1,day,0.0,1,stock,,,
2023-11-30 09:30:00-05:00,MLTrader,6aae74823c26451983c40184790fdea8,SPY,sell,market,new,1,day,0.0,1,stock,,,
2023-11-30 09:30:00-05:00,MLTrader,ef6f70237a194a149493f8a704b58143,SPY,sell,market,new,1,gtc,0.0,1,stock,,,
2023-11-30 09:30:00-05:00,MLTrader,6aae74823c26451983c40184790fdea8,SPY,sell,market,fill,1,day,0.0,1,stock,455.4800109863281,10.0,0.0
2023-11-30 09:30:00-05:00,MLTrader,ef6f70237a194a149493f8a704b58143,SPY,sell,market,fill,1,gtc,0.0,1,stock,455.4800109863281,10,0.0
2023-12-08 09:30:00-05:00,MLTrader,5f87b620f1ef4d3bb6880ddacbf16918,SPY,buy,stop,canceled,1,day,0.0,1,stock,,,
2023-12-08 09:30:00-05:00,MLTrader,abb1f694818547b881fefa807d8f8d5c,SPY,buy,limit,canceled,1,day,0.0,1,stock,,,
2023-12-08 09:30:00-05:00,MLTrader,4da0425338a3403a9d1ec8d616d17f58,SPY,buy,market,new,1,day,0.0,1,stock,,,
2023-12-08 09:30:00-05:00,MLTrader,ff6c370e3ec74ecb88a87e8016ab802c,SPY,buy,market,new,1,gtc,0.0,1,stock,,,
2023-12-08 09:30:00-05:00,MLTrader,4da0425338a3403a9d1ec8d616d17f58,SPY,buy,market,fill,1,day,0.0,1,stock,457.4599914550781,10.0,0.0
2023-12-08 09:30:00-05:00,MLTrader,ff6c370e3ec74ecb88a87e8016ab802c,SPY,buy,market,fill,1,gtc,0.0,1,stock,457.4599914550781,10,0.0
2023-12-11 09:30:00-05:00,MLTrader,dc264214119346b7bfdaa1916c741664,SPY,sell,stop,canceled,1,day,0.0,1,stock,,,
2023-12-11 09:30:00-05:00,MLTrader,e1cac63797e142628aa0ccfea65ee5f1,SPY,sell,limit,canceled,1,day,0.0,1,stock,,,
2023-12-11 09:30:00-05:00,MLTrader,44d0134c89cc41d8b40a514304fa1aac,SPY,sell,market,new,1,day,0.0,1,stock,,,
2023-12-11 09:30:00-05:00,MLTrader,b60cb6b763dd4147809c16038ca54621,SPY,sell,market,new,1,gtc,0.0,1,stock,,,
2023-12-11 09:30:00-05:00,MLTrader,44d0134c89cc41d8b40a514304fa1aac,SPY,sell,market,fill,1,day,0.0,1,stock,459.69000244140625,10.0,0.0
2023-12-11 09:30:00-05:00,MLTrader,b60cb6b763dd4147809c16038ca54621,SPY,sell,market,fill,1,gtc,0.0,1,stock,459.69000244140625,10,0.0
2023-12-21 09:30:00-05:00,MLTrader,84d0d3a17b894129bde5b886423ceeb1,SPY,sell,market,new,1,gtc,0.0,1,stock,,,
2023-12-21 09:30:00-05:00,MLTrader,84d0d3a17b894129bde5b886423ceeb1,SPY,sell,market,fill,1,gtc,0.0,1,stock,471.3299865722656,10,0.0
2023-12-22 09:30:00-05:00,MLTrader,25a355cbf93249fe8964d0369da4b635,SPY,sell,market,new,1,gtc,0.0,1,stock,,,
2023-12-22 09:30:00-05:00,MLTrader,25a355cbf93249fe8964d0369da4b635,SPY,sell,market,fill,1,gtc,0.0,1,stock,473.8599853515625,10,0.0
2023-12-27 09:30:00-05:00,MLTrader,b7c07f45c0274c22bac8e5e25585d8fa,SPY,sell,market,new,1,gtc,0.0,1,stock,,,
2023-12-27 09:30:00-05:00,MLTrader,b7c07f45c0274c22bac8e5e25585d8fa,SPY,sell,market,fill,1,gtc,0.0,1,stock,475.44000244140625,10,0.0
2023-12-29 09:30:00-05:00,MLTrader,dd912e640d8e443ebeef7d3aa22c4040,SPY,buy,stop,canceled,1,day,0.0,1,stock,,,
2023-12-29 09:30:00-05:00,MLTrader,82a41cdcd0fd497288b645fed126d310,SPY,buy,limit,canceled,1,day,0.0,1,stock,,,
2023-12-29 09:30:00-05:00,MLTrader,4f40e4460cb94218a2cd04507f8c8bdc,SPY,buy,stop,canceled,1,day,0.0,1,stock,,,
2023-12-29 09:30:00-05:00,MLTrader,ed6664d12c9b40d0b2cbe3bf14e4ddff,SPY,buy,limit,canceled,1,day,0.0,1,stock,,,
2023-12-29 09:30:00-05:00,MLTrader,c27e0f3ab4464ce69b10c08e97ed39a7,SPY,buy,stop,canceled,1,day,0.0,1,stock,,,
2023-12-29 09:30:00-05:00,MLTrader,e77a3a9f21b6491b99b708dd7746fabc,SPY,buy,limit,canceled,1,day,0.0,1,stock,,,
2023-12-29 09:30:00-05:00,MLTrader,92eddd9354f948edaf13c9e107801ff6,SPY,buy,stop,canceled,1,day,0.0,1,stock,,,
2023-12-29 09:30:00-05:00,MLTrader,0d48adf2690d4f55a5b188ff9c5cf8f9,SPY,buy,limit,canceled,1,day,0.0,1,stock,,,
2023-12-29 09:30:00-05:00,MLTrader,9a6465469827455ebf630769e95882c6,SPY,buy,market,new,1,day,0.0,1,stock,,,
2023-12-29 09:30:00-05:00,MLTrader,d578da8291da4c0e8d1be488bd110820,SPY,buy,market,new,1,gtc,0.0,1,stock,,,
2023-12-29 09:30:00-05:00,MLTrader,9a6465469827455ebf630769e95882c6,SPY,buy,market,fill,1,day,0.0,1,stock,476.489990234375,40.0,0.0
2023-12-29 09:30:00-05:00,MLTrader,d578da8291da4c0e8d1be488bd110820,SPY,buy,market,fill,1,gtc,0.0,1,stock,476.489990234375,10,0.0
